Member_ID,Node_I,Node_J,Fx_I (kN),Fy_I (kN),Fz_I (kN),Mx_I (kN-mm),My_I (kN-mm),Mz_I (kN-mm),Fx_J (kN),Fy_J (kN),Fz_J (kN),Mx_J (kN-mm),My_J (kN-mm),Mz_J (kN-mm)
1,1,4,112.3857668,-0.040970216,0.053676787,66.66627194,432.4177471,1781.497444,-112.3857668,0.040970216,-0.053676787,-66.66627194,-512.9330393,-1842.952735
2,2,5,157.3665463,-2.161353291,-0.896094463,6.657306826,1829.981898,-3039.356582,-157.3665463,2.161353291,0.896094463,-6.657306826,-485.8381076,-202.6784324
3,3,6,99.87240314,-2.290689562,-0.703987096,-39.20531044,1551.393365,-4900.912293,-99.87240314,2.290689562,0.703987096,39.20531044,-495.411074,1464.872739
4,24,28,238.1147052,0.448483246,0.875920499,-31.60256909,-1185.619707,2537.856343,-238.1147052,-0.448483246,-0.875920499,31.60256909,-128.2631203,-1865.130454
5,25,29,349.3245722,-2.011804877,-0.309172277,51.45768128,648.7525007,-2723.557464,-349.3245722,2.011804877,0.309172277,-51.45768128,-184.9933592,-294.1544685
6,26,30,415.3372165,-6.956281024,-2.133874867,869.4017616,3629.440122,-12893.33993,-415.3372165,6.956281024,2.133874867,-869.4017616,-428.6231378,2458.902954
7,27,31,96.73256386,-31.02869115,-2.396907813,307.2134996,3829.628782,-51139.73908,-96.73256386,31.02869115,2.396907813,-307.2134996,-234.2613773,4596.630668
8,46,48,122.4109201,3.363605782,0.144466147,246.9330709,-122.7836103,6897.813899,-122.4109201,-3.363605782,-0.144466147,-246.9330709,-93.9159474,-1852.397747
9,47,49,351.1014581,4.353194418,8.117146656,77.64816884,-11618.97874,6793.93385,-351.1014581,-4.353194418,-8.117146656,-77.64816884,-556.7596374,-264.1322414
10,62,64,17.78126184,2.646505324,1.326754561,34.1897522,-1927.578131,4138.348881,-17.78126184,-2.646505324,-1.326754561,-34.1897522,-62.55692227,-168.5849724
11,63,65,113.688558,33.6780016,-4.077928159,-329.8564338,6023.252917,43255.82522,-113.688558,-33.6780016,4.077928159,329.8564338,93.64851642,7261.254212
12,1,2,0,0,0,0,0,0,0,0,0,0,0,0
13,2,3,0,0,0,0,0,0,0,0,0,0,0,0
14,3,26,0,0,0,0,0,0,0,0,0,0,0,0
15,2,25,0,0,0,0,0,0,0,0,0,0,0,0
16,1,24,0,0,0,0,0,0,0,0,0,0,0,0
17,24,46,0,0,0,0,0,0,0,0,0,0,0,0
18,25,24,0,0,0,0,0,0,0,0,0,0,0,0
19,25,47,0,0,0,0,0,0,0,0,0,0,0,0
20,46,47,0,0,0,0,0,0,0,0,0,0,0,0
21,63,27,0,0,0,0,0,0,0,0,0,0,0,0
22,4,7,105.4257654,-0.040970216,0.053676787,66.66627194,512.9330393,1842.952735,-105.4257654,0.040970216,-0.053676787,-66.66627194,-668.595959,-1961.766627
23,5,8,150.4065449,-2.161353291,-0.896094463,6.657306826,485.8381076,202.6784324,-150.4065449,2.161353291,0.896094463,-6.657306826,2112.839843,-6470.613073
24,6,9,92.91240175,-2.290689562,-0.703987096,-39.20531044,495.411074,-1464.872739,-92.91240175,2.290689562,0.703987096,39.20531044,1546.154733,-5178.136806
25,28,32,231.1547038,0.448483246,0.875920499,-31.60256909,128.2631203,1865.130454,-231.1547038,-0.448483246,-0.875920499,31.60256909,-2668.436633,-564.5271298
26,29,33,340.6245917,-2.011804877,-0.309172277,51.45768128,184.9933592,294.1544685,-340.6245917,2.011804877,0.309172277,-51.45768128,711.6076909,-6128.397531
27,30,34,403.1572098,-6.956281024,-2.133874867,869.4017616,428.6231378,-2458.902954,-403.1572098,6.956281024,2.133874867,-869.4017616,5759.623549,-17714.34329
28,31,35,86.29256177,-31.02869115,-2.396907813,307.2134996,234.2613773,-4596.630668,-86.29256177,31.02869115,2.396907813,-307.2134996,6716.782487,-85386.71732
29,48,50,115.4509187,3.363605782,0.144466147,246.9330709,93.9159474,1852.397747,-115.4509187,-3.363605782,-0.144466147,-246.9330709,-512.8684426,7902.073769
30,49,51,340.6614475,4.353194418,8.117146656,77.64816884,556.7596374,264.1322414,-340.6614475,-4.353194418,-8.117146656,-77.64816884,-24096.52176,12360.15144
31,64,66,10.8212615,2.646505324,1.326754561,34.1897522,62.55692227,168.5849724,-10.8212615,-2.646505324,-1.326754561,-34.1897522,-3910.151455,7506.292672
32,65,67,103.2485644,33.6780016,-4.077928159,-329.8564338,-93.64851642,-7261.254212,-103.2485644,-33.6780016,4.077928159,329.8564338,11919.65804,104927.6124
33,7,32,-2.980881502,-1.367767315,0.35778621,-269.2202385,-884.5317648,-3433.039769,2.980881502,1.367767315,-0.35778621,269.2202385,-832.8446314,-3132.253152
34,32,50,-5.062352502,-0.642308089,0.046313471,596.5287678,-86.86100485,-2737.242474,5.062352502,0.642308089,-0.046313471,-596.5287678,-200.2829415,-1245.073633
35,7,8,-2.356298196,-1.428604851,-0.251743628,-37.54759327,549.5902701,-5379.356426,2.356298196,1.428604851,0.251743628,37.54759327,583.2577907,-1049.375168
36,8,9,-2.017283753,0.214314401,-0.529700523,-467.9532912,950.8434421,946.7957798,2.017283753,-0.214314401,0.529700523,467.9532912,982.5663824,-164.5470481
37,33,32,-0.478780582,2.770379158,-0.217497939,-45.55077398,426.9233675,3863.231544,0.478780582,-2.770379158,0.217497939,45.55077398,551.8188818,8603.494152
38,33,51,-5.464785568,0.06625311,0.052261134,-2035.809161,-191.9106432,-963.6518984,5.464785568,-0.06625311,-0.052261134,2035.809161,-132.1088709,1374.421791
39,51,50,2.221998207,7.835350395,-0.167151666,-325.7115533,432.9759237,22803.12832,-2.221998207,-7.835350395,0.167151666,325.7115533,319.2077094,12456.00233
40,51,66,2.978155918,-3.266310904,0.92039505,2901.421647,-926.6850454,-3073.213205,-2.978155918,3.266310904,-0.92039505,-2901.421647,-914.1081457,-3459.419989
41,34,33,4.293070625,-0.87435521,-0.197211574,4.597409862,292.2083797,-2300.253772,-4.293070625,0.87435521,0.197211574,-4.597409862,427.6149666,-891.1477235
42,34,35,0.162417537,2.082181561,-1.769194194,4626.457839,1964.883214,1074.562586,-0.162417537,-2.082181561,1.769194194,-4626.457839,2192.729588,3818.571385
43,8,16,-3.310515481,6.966683848,1.904709561,-1206.001435,-2342.696203,6555.822048,3.310515481,-6.966683848,-1.904709561,1206.001435,-1847.671146,8770.905421
44,16,33,-4.496081589,-8.274715659,0.385880045,694.1386313,-202.7043464,-10126.45647,4.496081589,8.274715659,-0.385880045,-694.1386313,-800.5852533,-11387.83756
45,9,17,-0.41266206,4.322187184,1.368832626,2044.897949,-1914.865896,5237.77477,0.41266206,-4.322187184,-1.368832626,-2044.897949,-1096.570598,4271.051433
46,16,17,1.518829515,0.385399489,-1.185565843,-6.94331263,2050.375573,-2816.621264,-1.518829515,-0.385399489,1.185565843,6.94331263,2276.946392,4223.331579
47,66,67,2.247149677,-0.125049383,-0.33165056,-3406.871387,948.297935,-4751.279059,-2.247149677,0.125049383,0.33165056,3406.871387,1041.608376,4000.981578
48,35,44,34.68640207,53.85393324,0.125380171,3633.43768,-748.4760057,99584.88521,-34.68640207,-53.85393324,-0.125380171,-3633.43768,194.2948068,138449.8495
49,44,53,31.02513622,-31.02182098,1.264070097,9301.547535,-1159.483219,-133138.4235,-31.02513622,31.02182098,-1.264070097,-9301.547535,-1090.564671,77919.50116
50,53,67,33.34635206,-93.16351185,1.830778349,-10160.63075,-2290.098251,-79392.86445,-33.34635206,93.16351185,-1.830778349,10160.63075,-1371.464891,-106934.4822
51,51,52,3.851345927,39.61887835,0.021935985,-1000.977239,327.3274126,63690.34238,-3.851345927,-39.61887835,-0.021935985,1000.977239,-407.3938684,80918.78949
52,52,53,0.566708385,-38.68468801,-2.321214251,-17055.84052,2074.19908,-72551.47926,-0.566708385,38.68468801,2.321214251,17055.84052,3380.662922,-18357.67646
53,17,22,0.772903815,-8.900412796,2.887662009,1551.468145,-1180.375902,-4829.288119,-0.772903815,8.900412796,-2.887662009,-1551.468145,-2573.590418,-6741.265645
54,22,34,-1.115611519,-21.44359989,0.527791554,-3963.595467,66.36935762,-13565.57275,1.115611519,21.44359989,-0.527791554,3963.595467,-752.4994779,-14311.15203
55,22,23,2.359870621,-4.907813458,-1.888515268,4433.29971,2507.221041,-6398.665216,-2.359870621,4.907813458,1.888515268,-4433.29971,1930.79665,-5134.713627
56,23,35,1.888515268,-21.42281333,2.359870621,-6018.314909,-1930.79665,-11778.24059,-1.888515268,21.42281333,-2.359870621,6018.314909,-1137.040109,-16071.46112
57,7,10,77.25113869,-2.77010819,2.052188864,401.6078071,-2932.577602,-4868.252135,-77.25113869,2.77010819,-2.052188864,-401.6078071,-2608.340512,-2611.051094
58,32,36,176.1746312,-1.415489964,1.666173865,336.2841517,-2044.935662,-2604.033494,-176.1746312,1.415489964,-1.666173865,-336.2841517,-2453.740393,-1217.794986
59,33,37,247.3968791,-3.000795502,-4.747404332,189.4152672,6195.074215,-3996.540948,-247.3968791,3.000795502,4.747404332,-189.4152672,6622.937062,-4105.619332
60,50,54,85.78996825,8.59311005,-2.031218568,128.0083298,3661.032684,13052.92417,-85.78996825,-8.59311005,2.031218568,-128.0083298,1823.265784,10148.50748
61,51,55,237.3037919,12.60704849,5.619665045,376.1387825,-8607.961073,20551.2812,-237.3037919,-12.60704849,-5.619665045,-376.1387825,-6565.157155,13487.79988
62,44,45,65.37575266,-3.661264255,-1.138689901,965.1884261,5668.109423,417.3758303,-65.37575266,3.661264255,1.138689901,-965.1884261,-2593.642213,-10302.80417
63,34,38,329.9831975,-11.68089491,2.267045648,59.87910382,476.7173716,-12961.97552,-329.9831975,11.68089491,-2.267045648,-59.87910382,-6597.749645,-18576.48663
64,10,36,-3.000197623,-0.402813335,0.138838357,-586.4019079,-369.5980339,-991.7281175,3.000197623,0.402813335,-0.138838357,586.4019079,-296.8270948,-941.7786827
65,36,54,-4.089264257,-0.937167535,0.014714756,117.8441477,-14.9265729,-3172.969197,4.089264257,0.937167535,-0.014714756,-117.8441477,-76.30504723,-2637.478078
66,10,11,0.351916725,-1.403642024,-0.085312565,109.9961047,186.0727537,-4623.71838,-0.351916725,1.403642024,0.085312565,-109.9961047,197.8343832,-1692.680646
67,11,37,-2.420865381,-0.730094575,0.17449873,183.3459154,-414.8265789,-1865.195105,2.420865381,0.730094575,-0.17449873,-183.3459154,-422.7685739,-1639.264111
68,36,37,-0.263697158,-2.475867834,-0.132633709,64.87261691,335.592391,-8744.043554,0.263697158,2.475867834,0.132633709,-64.87261691,261.2602491,-2397.378488
69,37,55,-5.794149109,-0.722212122,0.031871163,-1494.823931,-105.3726284,-2632.593945,5.794149109,0.722212122,-0.031871163,1494.823931,-92.22888494,-1845.127794
70,54,55,1.067194283,-6.998273053,-0.083689377,-18.58067168,174.1299411,-14297.92367,-1.067194283,6.998273053,0.083689377,18.58067168,202.4728571,-17194.35473
71,52,56,38.1491881,9.755358624,3.542161785,-765.2226494,-3019.09338,22422.39528,-38.1491881,-9.755358624,-3.542161785,765.2226494,-6544.757756,3917.111731
72,55,56,4.839932089,15.9844251,-0.305664148,489.434994,609.501221,31351.76175,-4.839932089,-15.9844251,0.305664148,-489.434994,506.1746339,26991.47965
73,56,38,4.12120503,-5.232205725,0.084457812,201.8984371,-261.9889415,-16633.6708,-4.12120503,5.232205725,-0.084457812,-201.8984371,-261.6502804,-15806.0543
74,56,57,2.070095132,-3.826651549,0.730155225,1850.80131,-404.2244028,-8397.096886,-2.070095132,3.826651549,-0.730155225,-1850.80131,-1311.642996,-595.5473188
75,57,45,0.730155225,-18.28865005,-2.070095132,1479.148655,1311.642996,-13205.37013,-0.730155225,18.28865005,2.070095132,-1479.148655,2373.131735,-19348.47609
76,12,18,1.466430553,6.247057453,0.789653897,-9088.951575,-1032.764937,6201.359971,-1.466430553,-6.247057453,-0.789653897,9088.951575,-862.4073818,8791.60135
77,45,39,1.672866925,2.796960499,0.440707575,5626.297336,-1085.811887,6611.24178,-1.672866925,-2.796960499,-0.440707575,-5626.297336,-862.1184478,5751.343109
78,39,38,-0.002201227,-24.16238198,-0.88645874,-181.3907889,1199.812224,-9058.151198,0.002201227,24.16238198,0.88645874,181.3907889,883.3689711,-47723.52892
79,39,19,0.786408118,3.594342674,0.442908789,-1769.038639,-337.6937489,6652.242719,-0.786408118,-3.594342674,-0.442908789,1769.038639,-725.2889834,1974.192891
80,19,18,0.442908789,-5.029657155,-0.786408118,-222.9345496,725.2889834,106.2230052,-0.442908789,5.029657155,0.786408118,222.9345496,1122.772921,-11925.93517
81,10,13,48.08659667,-5.684993166,1.56143374,585.1330873,-2065.65271,-6807.82294,-48.08659667,5.684993166,-1.56143374,-585.1330873,-2150.225093,-8541.68393
82,36,40,122.159844,-2.371922847,2.053994564,312.4454519,-2280.585571,-3815.93666,-122.159844,2.371922847,-2.053994564,-312.4454519,-3265.208918,-2588.265443
83,37,41,168.8654496,-5.890304439,-9.112256457,-98.01039377,11056.00963,-5901.292699,-168.8654496,5.890304439,9.112256457,98.01039377,13547.12321,-10002.55502
84,54,58,54.99707091,12.76606353,-3.083698075,30.18343259,3645.504056,11891.76435,-54.99707091,-12.76606353,3.083698075,-30.18343259,4680.494481,22576.66353
85,55,59,157.1588843,18.62317152,1.878798347,-343.6064444,-2319.02915,19026.69055,-157.1588843,-18.62317152,-1.878798347,343.6064444,-2753.73461,31255.95828
86,38,42,225.6994795,-7.807433305,7.071692024,-576.8266787,-10384.70606,-7853.635002,-225.6994795,7.807433305,-7.071692024,576.8266787,-8708.894351,-13226.46948
87,56,60,18.42146979,4.598333956,6.396456596,-605.183966,-8202.213449,6879.048004,-18.42146979,-4.598333956,-6.396456596,605.183966,-9068.247026,5536.473175
88,58,59,-1.163595458,-11.41103872,-0.070737383,-240.3852646,61.01577472,-20090.65217,1.163595458,11.41103872,0.070737383,240.3852646,257.3029629,-31259.10288
89,59,60,-1.359488087,24.35099454,0.046186782,3126.669716,-89.10344235,49695.80126,1.359488087,-24.35099454,-0.046186782,-3126.669716,-79.47857366,39185.46887
90,60,61,-0.797362754,-6.48137923,0.577508845,5217.836114,-1173.757303,-14597.44098,0.797362754,6.48137923,-0.577508845,-5217.836114,-183.3905242,-633.8226448
91,43,21,-1.871673914,2.537426801,-1.426939275,-5001.092176,1461.677494,6791.212924,1.871673914,-2.537426801,1.426939275,5001.092176,1962.982057,-701.3790603
92,21,20,-1.426939275,-7.226573092,1.871673914,2683.037957,-1962.982057,3117.376202,1.426939275,7.226573092,-1.871673914,-2683.037957,-2435.4583,-20099.84806
93,20,15,2.329572356,-11.67195033,-1.879190879,-5132.308197,2379.574808,-19998.52775,-2.329572356,11.67195033,1.879190879,5132.308197,2130.490302,-8014.195038
94,13,14,1.19858992,-1.594133992,0.166469127,464.4704052,-549.0889052,-7519.902903,-1.19858992,1.594133992,-0.166469127,-464.4704052,-200.0233022,346.2884988
95,43,42,0.852189223,-25.61966605,2.154793197,1465.291998,-2721.509766,-10774.33759,-0.852189223,25.61966605,-2.154793197,-1465.291998,-2342.261966,-49431.96846
96,18,38,0.680022369,-9.71059965,0.346745108,4499.798389,-260.3655396,-9398.323352,-0.680022369,9.71059965,-0.346745108,-4499.798389,-571.8240203,-13907.1517
97,45,68,31.85814269,-4.603976021,1.372112872,-322.1313144,-1553.506468,184.4536484,-31.85814269,4.603976021,-1.372112872,322.1313144,-2151.204333,-12615.20901
98,61,68,0.577508845,-21.93538015,0.797362754,1738.324355,183.3905242,-16699.14024,-0.577508845,21.93538015,-0.797362754,-1738.324355,-1602.698306,-22345.89215
99,68,43,-4.026467111,2.48276213,-0.574750118,3889.528796,1280.566992,6457.077406,4.026467111,-2.48276213,0.574750118,-3889.528796,1259.832272,4516.747173
100,8,69,113.0579447,-5.193911794,-3.1398186,815.2521432,3363.444545,-7043.404751,-113.0579447,5.193911794,3.1398186,-815.2521432,875.3161004,31.61410517
101,69,11,108.7039923,-4.80616878,-4.549691819,115.2215179,2231.362377,34.12579194,-108.7039923,4.80616878,4.549691819,-115.2215179,3910.732017,-6522.464527
102,9,70,79.94852972,-3.233052146,-4.090103408,893.0940818,2794.893727,-1301.992072,-79.94852972,3.233052146,4.090103408,-893.0940818,2726.753571,-3062.634007
103,70,12,70.8144792,-3.62079516,-2.680229924,177.8604521,2890.269645,2996.89411,-70.8144792,3.62079516,2.680229924,-177.8604521,728.0467597,-7884.974995
104,12,71,50.6594338,-2.761729139,-3.305516632,367.0781715,1154.011198,-30.09507012,-50.6594338,2.761729139,3.305516632,-367.0781715,3308.44224,-3698.244239
105,71,15,41.14420022,-2.795158379,-3.718065116,358.408831,2903.816088,4224.331508,-41.14420022,2.795158379,3.718065116,-358.408831,2115.581457,-7997.80311
106,11,72,69.31662528,-6.867210623,-4.833016847,-135.1598643,4190.719694,-7139.168141,-69.31662528,6.867210623,4.833016847,135.1598643,2333.861707,-2131.578801
107,72,14,65.34385589,-6.833781384,-4.420468363,-248.5071228,1568.896959,1605.491641,-65.34385589,6.833781384,4.420468363,248.5071228,4398.746584,-10831.11456
108,69,70,1.409873484,-2.39005143,-0.387743047,-65.73989711,700.0306656,-5238.28163,-1.409873484,2.39005143,0.387743047,65.73989711,715.2336701,-3485.419848
109,71,72,-0.412548649,2.771233422,-0.033429161,526.0872144,8.669356501,4080.655174,0.412548649,-2.771233422,0.033429161,-526.0872144,113.347272,6034.362034
110,13,73,2.264450775,7.07810139,-0.382761565,-1679.898158,677.106771,9085.602678,-2.264450775,-7.07810139,0.382761565,1679.898158,777.3893415,17811.22255
111,73,40,1.967885319,-64.10732719,1.469030464,-2106.257126,-1026.329084,-19707.25208,-1.967885319,64.10732719,-1.469030464,2106.257126,-442.703809,-44400.18797
112,40,74,4.531559789,30.34536911,-0.682912602,-290.4877326,1073.419026,43182.35807,-4.531559789,-30.34536911,0.682912602,290.4877326,859.2265216,42695.16887
113,74,58,3.308383003,-22.69480008,0.065610014,2892.888854,-211.012506,-43195.94675,-3.308383003,22.69480008,-0.065610014,-2892.888854,-10.09355561,-33285.64029
114,14,75,7.764441719,2.146738671,-0.805553426,3074.913514,1634.35401,-333.4747896,-7.764441719,-2.146738671,0.805553426,-3074.913514,1426.75349,8491.093593
115,75,41,6.803075608,-40.19929844,0.397651826,-2543.332244,-478.5945538,-3869.944425,-6.803075608,40.19929844,-0.397651826,2543.332244,80.94205975,-36329.42199
116,59,76,10.66905935,25.06177605,-0.198797245,-8670.202298,547.1218049,35020.61241,-10.66905935,-25.06177605,0.198797245,8670.202298,122.8258756,49437.69219
117,76,41,12.59779211,-29.1980911,-0.921179186,496.9873618,1152.869146,-42206.28325,-12.59779211,29.1980911,0.921179186,-496.9873618,1454.071897,-40424.44553
118,76,77,0.72238194,25.51786707,1.928733281,-5624.700899,-1275.695035,-876.8913645,-0.72238194,-25.51786707,-1.928733281,5624.700899,-653.0414711,26394.80175
119,77,74,-2.630688186,-4.760937336,0.286047795,2266.006229,-392.9892981,-22210.60702,2.630688186,4.760937336,-0.286047795,-2266.006229,-608.1794947,5547.301277
120,75,78,1.203205252,19.82303528,0.96136578,-1258.516957,-948.1589363,-2434.063787,-1.203205252,-19.82303528,-0.96136578,1258.516957,-13.20846387,22257.133
121,78,73,-3.965817025,-3.497515493,0.117859038,932.7873017,-15.42645791,-19221.00592,3.965817025,3.497515493,-0.117859038,-932.7873017,-397.080788,6979.683028
122,41,79,4.136771352,51.81203571,1.581799662,86.69020621,-541.9912461,23818.41585,-4.136771352,-51.81203571,-1.581799662,-86.69020621,-1039.811199,27993.70777
123,79,40,4.205937563,-6.363148258,0.191751374,1043.452964,-352.861007,-26886.81474,-4.205937563,6.363148258,-0.191751374,-1043.452964,-318.2697918,4615.761623
124,78,79,-1.21332584,-30.8284572,-1.031080157,2033.292962,952.1578952,-2199.635773,1.21332584,30.8284572,1.031080157,-2033.292962,78.92408083,-28628.87601
125,79,77,0.176722497,17.35072556,-0.961913879,-1323.60453,1313.748125,28183.8562,-0.176722497,-17.35072556,0.961913879,1323.60453,1408.472474,20918.77209
126,13,80,12.05162848,-3.587011435,0.745605351,457.1152215,-1383.126554,-7088.055858,-12.05162848,3.587011435,-0.745605351,-457.1152215,-1226.496409,-5466.504486
127,14,81,19.15741788,0.007826653,-0.945502971,-1091.153206,2207.720538,578.238377,-19.15741788,-0.007826653,0.945502971,1091.153206,1101.545134,-550.8450292
128,15,82,10.40278249,0.667604256,-1.920245392,-196.8396405,2583.089737,-582.8819018,-10.40278249,-0.667604256,1.920245392,196.8396405,4137.779957,2919.500523
129,58,83,14.94331019,9.528418195,-1.854492657,-20.738784,3340.960597,15518.70767,-14.94331019,-9.528418195,1.854492657,20.738784,3149.774094,17830.80736
130,59,84,47.10307856,7.837188839,1.875893665,-1058.927716,-3302.265312,16760.10829,-47.10307856,-7.837188839,-1.875893665,1058.927716,-3263.372843,10670.09766
131,60,85,-0.228595383,5.302683292,5.058005354,-946.5890058,-8763.660251,12449.28729,0.228595383,-5.302683292,-5.058005354,946.5890058,-8939.387302,6110.134617
132,20,86,2.947728268,-20.40334508,-1.320894952,-476.6729244,1399.381315,-23079.01198,-2.947728268,20.40334508,1.320894952,476.6729244,449.8742807,-5485.711298
133,86,42,11.90822456,-99.24509876,-1.813915917,-3240.941693,-156.9054222,-21902.05674,-11.90822456,99.24509876,1.813915917,3240.941693,1970.824382,-77343.21145
134,60,87,-1.235671655,3.259438348,-0.776325776,-2394.809275,1594.64091,-4835.241572,1.235671655,-3.259438348,0.776325776,2394.809275,1021.58061,15819.5654
135,87,42,21.68164628,-44.10950877,0.228125315,272.3535268,-654.7628994,-53810.27168,-21.68164628,44.10950877,-0.228125315,-272.3535268,9.167270851,-71019.83049
136,73,88,35.68491196,-0.41442451,2.11402503,646.0205846,-3748.988876,6842.908786,-35.68491196,0.41442451,-2.11402503,-646.0205846,-1958.886445,-7961.85655
137,74,89,10.05723035,-1.509224349,1.88216569,-40.03453438,-3563.406496,-3371.935531,-10.05723035,1.509224349,-1.88216569,40.03453438,-1518.44756,-702.9755514
138,77,90,32.35352878,-1.819407917,-4.314984005,-362.4417045,7757.80222,-11426.28308,-32.35352878,1.819407917,4.314984005,362.4417045,3892.66995,6513.875488
139,78,91,41.06900803,-2.056832565,-4.137942187,-923.5229877,7319.424178,4190.939506,-41.06900803,2.056832565,4.137942187,923.5229877,3853.034,-9744.395083
140,86,92,69.48175115,8.960496554,0.493020865,-292.9688585,-2764.268768,27579.76849,-69.48175115,-8.960496554,-0.493020865,292.9688585,1433.110577,-3386.395485
141,87,93,33.44894645,-22.91731806,1.004451091,-366.8177107,-2667.162802,-38660.30654,-33.44894645,22.91731806,-1.004451091,366.8177107,-44.85864622,-23216.53315
142,81,80,1.058030234,2.356801687,0.579405817,519.5681776,-818.5554623,4860.55829,-1.058030234,-2.356801687,-0.579405817,-519.5681776,-1788.774616,5745.065111
143,82,92,-0.154462801,-5.483542785,-0.490351556,-690.1361167,945.8341031,-7847.104436,0.154462801,5.483542785,0.490351556,690.1361167,958.3496925,-13447.15538
144,80,88,4.235173963,0.107221305,-0.312424883,-45.56969773,572.4169734,1031.630859,-4.235173963,-0.107221305,0.312424883,45.56969773,640.8235435,-615.258028
145,88,91,-5.026698783,-1.712755905,0.543533129,432.0932015,-1451.217792,-3216.690199,5.026698783,1.712755905,-0.543533129,-432.0932015,-451.1510749,-2777.964338
146,83,89,6.871820785,8.983280107,-0.937462564,139.8435667,1718.132808,13023.57628,-6.871820785,-8.983280107,0.937462564,-139.8435667,1528.918145,18091.44728
147,89,90,1.252123394,-1.234010321,0.780306508,-199.71434,-1522.969757,-1970.805418,-1.252123394,1.234010321,-0.780306508,199.71434,-1208.107211,-2348.2374
148,85,93,8.510954361,-0.602856183,-0.978341822,-3098.107325,1738.841559,-1466.920114,-8.510954361,0.602856183,0.978341822,3098.107325,1649.801286,-621.1682183
149,88,94,14.05022951,-17.62693861,7.209450695,-790.3204184,-696.3394972,3525.645627,-14.05022951,17.62693861,-7.209450695,790.3204184,-1466.50107,-8813.74028
150,89,95,7.233305922,18.97391499,1.186353293,-403.563378,461.6598309,9380.163448,-7.233305922,-18.97391499,-1.186353293,403.563378,-817.5666862,-3687.974286
151,90,96,19.99414047,2.449531477,5.690459183,-270.2265511,-1193.23317,8646.805701,-19.99414047,-2.449531477,-5.690459183,270.2265511,-513.9089391,-7911.944613
152,91,97,27.07208437,-2.437157377,7.070161667,906.5509291,-3198.564775,11029.71497,-27.07208437,2.437157377,-7.070161667,-906.5509291,1077.510974,-11760.86425
153,92,98,20.75646415,-11.01140336,-16.84615519,-322.7897531,-642.6652218,8606.555139,-20.75646415,11.01140336,16.84615519,322.7897531,5696.524627,-11909.98373
154,93,99,8.263778324,9.652052612,-4.310269116,-325.1897965,-3419.929933,9343.363501,-8.263778324,-9.652052612,4.310269116,325.1897965,4713.0137,-6447.741007
155,94,95,18.25105183,3.165075064,-0.463651136,-314.3064715,760.1835173,4664.910253,-18.25105183,-3.165075064,0.463651136,314.3064715,1015.603237,7457.347045
156,96,95,0.72270209,1.363619548,0.722864154,-162.8902569,-1110.861814,2306.45225,-0.72270209,-1.363619548,-0.722864154,162.8902569,-1419.166642,2466.223334
157,94,97,7.673101765,-0.876846018,0.624112559,542.3476861,-1550.50399,-2445.901947,-7.673101765,0.876846018,-0.624112559,-542.3476861,-633.8933294,-623.0636643
158,96,97,2.440710977,-4.623364259,-1.357763916,-679.6367619,2449.885498,-11590.47992,-2.440710977,4.623364259,1.357763916,679.6367619,2750.358775,-6117.034553
159,98,99,10.38373627,5.405337603,-0.74512844,-1101.886273,1385.948119,8841.959807,-10.38373627,-5.405337603,0.74512844,1101.886273,1467.898276,11860.51659
160,97,98,16.10102708,-0.932127193,0.627666226,929.3490785,-1209.914624,-3857.250077,-16.10102708,0.932127193,-0.627666226,-929.3490785,-1708.737899,-477.1481597
161,96,99,5.055397489,0.749884227,0.731684455,1415.402688,-1609.250099,776.8321616,-5.055397489,-0.749884227,-0.731684455,-1415.402688,-1793.0881,2710.134936
162,92,93,-22.04286787,6.554422241,-0.579620576,-1209.965482,1069.054037,11137.21502,22.04286787,-6.554422241,0.579620576,1209.965482,1150.896335,13966.26125
163,92,100,-0.123723436,6.983433466,0.107727025,2274.076555,35.1429671,15830.50082,0.123723436,-6.983433466,-0.107727025,-2274.076555,-288.3018711,580.591441
164,93,101,0.123723436,4.882566804,-0.107727025,1749.088777,438.7185614,10287.43889,-0.123723436,-4.882566804,0.107727025,-1749.088777,-185.5596709,1186.611123
165,100,101,-0.107727025,1.050433132,-0.123723436,-303.009841,288.3018711,-72.95076194,0.107727025,-1.050433132,0.123723436,303.009841,185.5596709,4096.116134
166,88,89,-12.50256422,3.967870493,-0.381151601,-283.6336983,593.5053316,6187.653195,12.50256422,-3.967870493,0.381151601,283.6336983,866.3076409,9009.315908
167,42,102,-4.177461835,11.4902143,0.188805811,4245.742472,-214.5564598,34261.67029,4.177461835,-11.4902143,-0.188805811,-4245.742472,-248.0184995,-6110.599239
168,102,41,-3.656654359,-7.641025773,1.486211588,-5241.509847,-692.4235065,8499.795555,3.656654359,7.641025773,-1.486211588,5241.509847,-1091.033064,-17669.04137
169,15,103,-0.081371023,4.849467923,1.133190212,585.5122088,-1575.241871,8630.477561,0.081371023,-4.849467923,-1.133190212,-585.5122088,-1201.078404,3250.73668
170,103,14,-1.470821979,-6.304568344,1.089302537,1651.08503,-715.4804196,-2357.980451,1.470821979,6.304568344,-1.089302537,-1651.08503,-591.6846648,-5207.513148
171,37,104,4.24378262,-2.360316312,-0.616408409,-3213.058348,554.3066344,-5808.831227,-4.24378262,2.360316312,0.616408409,3213.058348,185.3845892,2976.447301
172,104,38,4.540158107,-15.19150806,-0.454179929,2327.325753,525.9314066,-4279.172402,-4.540158107,15.19150806,0.454179929,-2327.325753,586.8110919,-32940.07887
173,11,105,0.460742973,5.680819416,-0.445136186,2016.148933,467.3735914,2255.48457,-0.460742973,-5.680819416,0.445136186,-2016.148933,66.79065688,4561.509049
174,105,12,0.164367321,-6.011988525,-0.607364665,-792.1090832,644.4986032,-4718.786131,-0.164367321,6.011988525,0.607364665,792.1090832,843.5471504,-10010.60875
175,104,105,-0.16222848,0.5691921,0.296375652,572.7241712,-711.3160092,-1466.090001,0.16222848,-0.5691921,-0.296375652,-572.7241712,-711.2892331,4198.216139
176,34,52,-7.412208191,8.257618185,0.25752411,-986.9064806,-695.0693835,23747.73299,7.412208191,-8.257618185,-0.25752411,986.9064806,-901.5824816,27449.5761
177,102,106,1.297405744,4.060240495,-0.520807509,646.6775956,940.4420329,4362.968116,-1.297405744,-4.060240495,0.520807509,-646.6775956,309.4979263,5381.624367
178,106,103,0.043887634,-0.320036436,-1.389450956,19.74519113,1418.128462,-3944.186083,-0.043887634,0.320036436,1.389450956,-19.74519113,1916.558878,3176.097637
179,20,106,-0.868643414,6.816722619,1.253518135,554.8241619,-1343.497823,15537.50977,0.868643414,-6.816722619,-1.253518135,-554.8241619,-1727.626415,1163.486273
180,82,107,1.429893803,6.626880894,0.613213669,-1130.966515,-1021.849018,3534.469994,-1.429893803,-6.626880894,-0.613213669,1130.966515,-97.26780156,8559.607644
181,107,81,0.112527263,-10.72861603,0.58723246,1070.413207,-799.1029242,-13113.63533,-0.112527263,10.72861603,-0.58723246,-1070.413207,-272.597798,-6466.117706
182,91,108,-16.23480237,5.492169737,0.923857974,-853.226898,-1378.922761,2806.595905,16.23480237,-5.492169737,-0.923857974,853.226898,-1230.980031,12708.80661
183,108,92,-17.55216851,-14.09033272,0.897876765,3734.686884,-11.34599643,-8956.940354,17.55216851,14.09033272,-0.897876765,-3734.686884,-1627.28178,-16757.96016
184,108,107,0.155932526,0.614562806,-1.31736654,792.1337043,2567.871216,-762.9801379,-0.155932526,-0.614562806,1.31736654,-792.1337043,2547.862738,3149.513983
185,83,109,-2.791955287,-2.99188353,0.767535501,-1855.545581,-1160.428841,-6776.82818,2.791955287,2.99188353,-0.767535501,1855.545581,-1525.949393,-3694.779402
186,109,84,-3.836589857,-23.97964056,-3.546288606,9516.960533,-262.3151842,4981.352644,3.836589857,23.97964056,3.546288606,-9516.960533,3808.610031,-28961.03667
187,90,109,2.575365186,-7.828261224,-1.044634637,1110.14387,1948.060498,-19571.42045,-2.575365186,7.828261224,1.044634637,-1110.14387,1670.197883,-7543.009866
188,90,110,-7.708685489,1.709138275,0.825191421,381.5279972,-1455.542374,1914.547384,7.708685489,-1.709138275,-0.825191421,-381.5279972,-875.6270156,2913.775718
189,110,93,-5.589718084,-9.355689322,2.277192086,3031.314702,-1392.305961,-8266.274372,5.589718084,9.355689322,-2.277192086,-3031.314702,-2763.576146,-8807.887251
190,84,111,-1.960696193,20.41143486,4.290900233,-1153.137123,-4867.537531,31851.50867,1.960696193,-20.41143486,-4.290900233,1153.137123,-2963.366558,5399.415332
191,111,85,-4.07966373,5.972262868,2.838899766,4662.061751,-1584.304583,-1736.496469,4.07966373,-5.972262868,-2.838899766,-4662.061751,-3596.695919,12635.8946
192,110,111,0.912187408,-2.443942968,-2.118967405,-5011.041894,3687.710081,-6442.590083,-0.912187408,2.443942968,2.118967405,5011.041894,3651.671286,-2022.395684
