Member_ID,End,Fx,Fy,Fz,Mx,My,Mz,End,Fx,Fy,Fz,Mx,My,Mz
1,Node_I,26.222582,0.236137,-0.101758,0.407212,10.131225,32.049618,Node_J,-26.222582,-0.236137,0.101758,-0.407212,-4.121886,-18.104546
2,Node_I,34.003872,-0.371348,-0.132102,0.383324,11.884939,-17.037029,Node_J,-34.003872,0.371348,0.132102,-0.383324,-4.083637,-4.892977
3,Node_I,25.457071,-0.965822,-0.127499,0.186112,11.625269,-73.302025,Node_J,-25.457071,0.965822,0.127499,-0.186112,-4.095797,16.265305
4,Node_I,54.136276,0.314021,-0.000455,-0.400632,1.26829,36.545738,Node_J,-54.136276,-0.314021,0.000455,0.400632,-1.241442,-18.001207
5,Node_I,75.280869,0.134581,0.012499,0.586442,1.633999,13.370589,Node_J,-75.280869,-0.134581,-0.012499,-0.586442,-2.372132,-5.422873
6,Node_I,91.891571,-1.367309,-0.39662,11.412001,28.998827,-110.344978,Node_J,-91.891571,1.367309,0.39662,-11.412001,-5.576409,29.598356
7,Node_I,21.803123,-6.213177,-0.530608,3.632545,34.466778,-429.473541,Node_J,-21.803123,6.213177,0.530608,-3.632545,-3.131687,62.553627
8,Node_I,28.6042,0.308881,-0.08847,1.714557,5.725773,36.091328,Node_J,-28.6042,-0.308881,0.08847,-1.714557,-0.501161,-17.850332
9,Node_I,77.225388,0.24926,1.948203,1.34905,-110.6278,20.511646,Node_J,-77.225388,-0.24926,-1.948203,-1.34905,-4.423534,-5.791569
10,Node_I,5.106015,0.726899,0.180563,1.712869,-10.121802,45.879742,Node_J,-5.106015,-0.726899,-0.180563,-1.712869,-0.541359,-2.952613
11,Node_I,26.548864,6.947878,-0.763753,-0.932076,45.000523,326.324707,Node_J,-26.548864,-6.947878,0.763753,0.932076,0.103028,83.983032
12,Node_I,0,0,0,0,0,0,Node_J,0,0,0,0,0,0
13,Node_I,0,0,0,0,0,0,Node_J,0,0,0,0,0,0
14,Node_I,0,0,0,0,0,0,Node_J,0,0,0,0,0,0
15,Node_I,0,0,0,0,0,0,Node_J,0,0,0,0,0,0
16,Node_I,0,0,0,0,0,0,Node_J,0,0,0,0,0,0
17,Node_I,0,0,0,0,0,0,Node_J,0,0,0,0,0,0
18,Node_I,0,0,0,0,0,0,Node_J,0,0,0,0,0,0
19,Node_I,0,0,0,0,0,0,Node_J,0,0,0,0,0,0
20,Node_I,0,0,0,0,0,0,Node_J,0,0,0,0,0,0
21,Node_I,0,0,0,0,0,0,Node_J,0,0,0,0,0,0
22,Node_I,24.657911,0.236137,-0.101758,0.407212,4.121886,18.104546,Node_J,-24.657911,-0.236137,0.101758,-0.407212,7.496169,8.855929
23,Node_I,32.439201,-0.371348,-0.132102,0.383324,4.083637,4.892977,Node_J,-32.439201,0.371348,0.132102,-0.383324,10.998882,-47.290989
24,Node_I,23.892401,-0.965822,-0.127499,0.186112,4.095797,-16.265305,Node_J,-23.892401,0.965822,0.127499,-0.186112,10.461182,-94.005684
25,Node_I,52.571606,0.314021,-0.000455,-0.400632,1.241442,18.001207,Node_J,-52.571606,-0.314021,0.000455,0.400632,-1.189536,17.851549
26,Node_I,73.325027,0.134581,0.012499,0.586442,2.372132,5.422873,Node_J,-73.325027,-0.134581,-0.012499,-0.586442,-3.799188,9.942711
27,Node_I,89.153397,-1.367309,-0.39662,11.412001,5.576409,-29.598356,Node_J,-89.153397,1.367309,0.39662,-11.412001,39.706932,-126.511787
28,Node_I,19.456118,-6.213177,-0.530608,3.632545,3.131687,-62.553627,Node_J,-19.456118,6.213177,0.530608,-3.632545,57.44949,-646.82489
29,Node_I,27.03953,0.308881,-0.08847,1.714557,0.501161,17.850332,Node_J,-27.03953,-0.308881,0.08847,-1.714557,9.599755,17.415592
30,Node_I,74.87838,0.24926,1.948203,1.34905,4.423534,5.791569,Node_J,-74.87838,-0.24926,-1.948203,-1.34905,-226.856125,22.667246
31,Node_I,3.541344,0.726899,0.180563,1.712869,0.541359,2.952613,Node_J,-3.541344,-0.726899,-0.180563,-1.712869,-21.156805,80.039841
32,Node_I,24.201859,6.947878,-0.763753,-0.932076,-0.103028,-83.983032,Node_J,-24.201859,-6.947878,0.763753,0.932076,87.30323,877.24469
33,Node_I,0.002217,-0.16994,0.06437,0.124971,-6.294647,-17.113161,Node_J,-0.002217,0.16994,-0.06437,-0.124971,-5.869739,-15.001395
34,Node_I,0.240027,-0.22722,0.012764,3.45657,-1.127091,-27.734962,Node_J,-0.240027,0.22722,-0.012764,-3.45657,-1.988413,-27.728258
35,Node_I,-0.020611,-0.138465,-0.050548,0.849646,4.470962,-15.001817,Node_J,0.020611,0.138465,0.050548,-0.849646,4.484364,-9.529392
36,Node_I,-0.098936,-0.264093,-0.162161,-1.416946,11.583093,-18.43891,Node_J,0.098936,0.264093,0.162161,1.416946,11.719504,-19.511419
37,Node_I,0.470831,0.239979,-0.040872,-1.91968,2.897526,21.764769,Node_J,-0.470831,-0.239979,0.040872,1.91968,4.343614,20.751114
38,Node_I,0.609844,-0.026485,0.021201,-17.281319,-2.874553,-3.991745,Node_J,-0.609844,0.026485,-0.021201,17.281319,-2.300485,-2.47315
39,Node_I,0.840891,1.477953,-0.035177,-2.420413,3.381846,190.858063,Node_J,-0.840891,-1.477953,0.035177,2.420413,2.850287,70.984062
40,Node_I,0.814672,-1.737298,0.192664,39.605106,-6.988271,-86.827179,Node_J,-0.814672,1.737298,-0.192664,-39.605106,-8.182149,-49.967964
41,Node_I,1.107725,0.152478,-0.069364,0.963772,3.980865,1.736439,Node_J,-1.107725,-0.152478,0.069364,-0.963772,5.986777,20.174706
42,Node_I,0.085037,0.063179,-0.600902,31.262381,26.180042,-11.491894,Node_J,-0.085037,-0.063179,0.600902,-31.262381,29.415188,17.337231
43,Node_I,0.013912,1.811555,0.474336,-0.586733,-22.178885,70.097214,Node_J,-0.013912,-1.811555,-0.474336,0.586733,-18.905298,86.809135
44,Node_I,-0.280302,-1.630217,0.0638,-1.971354,-1.009585,-88.284767,Node_J,0.280302,1.630217,-0.0638,1.971354,-5.521138,-78.58783
45,Node_I,0.782221,1.981037,0.332754,6.825016,-17.965763,87.377373,Node_J,-0.782221,-1.981037,-0.332754,-6.825016,-10.855486,84.208481
46,Node_I,0.410535,0.10201,-0.294213,1.463572,19.914883,-1.426367,Node_J,-0.410535,-0.10201,0.294213,-1.463572,22.363819,16.085323
47,Node_I,0.373227,0.077514,-0.087773,-30.06621,9.895019,-18.499281,Node_J,-0.373227,-0.077514,0.087773,30.06621,10.838778,36.809635
48,Node_I,7.342672,11.948461,0.130666,39.310261,-17.639095,938.578369,Node_J,-7.342672,-11.948461,-0.130666,-39.310261,-5.098898,1140.641968
49,Node_I,6.220158,-6.93924,0.284456,86.129562,-2.679379,-1144.538696,Node_J,-6.220158,6.93924,-0.284456,-86.129562,-17.254913,658.245605
50,Node_I,6.860105,-22.040276,0.390526,-124.061882,-18.979254,-828.156616,Node_J,-6.860105,22.040276,-0.390526,124.061882,-11.770854,-907.298523
51,Node_I,1.048556,9.109398,-0.026733,5.575151,5.997388,567.163269,Node_J,-1.048556,-9.109398,0.026733,-5.575151,-2.155786,741.864441
52,Node_I,0.106071,-9.827693,-0.639947,-170.048981,22.973499,-699.073364,Node_J,-0.106071,9.827693,0.639947,170.048981,36.234169,-210.181671
53,Node_I,1.076434,-0.976153,0.74329,22.868593,-11.508334,-82.749794,Node_J,-1.076434,0.976153,-0.74329,-22.868593,-26.534056,32.789204
54,Node_I,0.547841,-3.985725,0.167053,-26.185926,-1.022371,-56.843182,Node_J,-0.547841,3.985725,-0.167053,26.185926,-7.527604,-147.15062
55,Node_I,0.576236,-0.913569,-0.528593,23.913485,27.556427,-49.06234,Node_J,-0.576236,0.913569,0.528593,-23.913485,21.348873,-35.460815
56,Node_I,0.528593,-4.626289,0.576236,-35.468636,-21.348873,23.770002,Node_J,-0.528593,4.626289,-0.576236,35.468636,-8.143548,-260.548584
57,Node_I,18.003757,0.288901,-0.145517,2.230897,7.553517,7.316417,Node_J,-18.003757,-0.288901,0.145517,-2.230897,7.914792,23.393541
58,Node_I,40.049133,0.592703,-0.419679,2.252583,25.146723,26.724092,Node_J,-40.049133,-0.592703,0.419679,-2.252583,19.464848,36.279808
59,Node_I,53.369869,1.053219,-0.581795,0.097829,30.487682,69.554924,Node_J,-53.369869,-1.053219,0.581795,-0.097829,31.356718,42.401386
60,Node_I,20.005156,0.104031,-0.916598,0.852683,57.850632,12.904644,Node_J,-20.005156,-0.104031,0.916598,-0.852683,39.582985,-1.846276
61,Node_I,52.685059,0.445645,1.569075,1.258572,-92.533951,58.907799,Node_J,-52.685059,-0.445645,-1.569075,-1.258572,-74.257469,-11.536116
62,Node_I,14.503925,-1.122514,-0.153789,7.778277,46.819302,3.947508,Node_J,-14.503925,1.122514,0.153789,-7.778277,-30.471615,-123.26989
63,Node_I,73.877968,0.324303,0.710378,-2.165172,-7.46635,49.470367,Node_J,-73.877968,-0.324303,-0.710378,2.165172,-68.046249,-14.997194
64,Node_I,-0.96843,0.016146,0.026344,-2.489854,-2.698142,1.408771,Node_J,0.96843,-0.016146,-0.026344,2.489854,-2.280233,1.642371
65,Node_I,-1.747241,-0.270523,0.004481,-0.759507,-0.29116,-30.310114,Node_J,1.747241,0.270523,-0.004481,0.759507,-0.802678,-35.723003
66,Node_I,0.024873,-0.270149,-0.019223,0.625673,1.771833,-21.440214,Node_J,-0.024873,0.270149,0.019223,-0.625673,1.633737,-26.420895
67,Node_I,-0.194921,-0.056555,0.038605,1.238686,-3.591257,-5.137894,Node_J,0.194921,0.056555,-0.038605,-1.238686,-3.704125,-5.549681
68,Node_I,-0.144558,-0.345933,-0.026362,0.791157,2.687348,-36.425755,Node_J,0.144558,0.345933,0.026362,-0.791157,1.98309,-24.861664
69,Node_I,-1.724112,-0.294929,0.007547,-11.450042,-1.06311,-31.928389,Node_J,1.724112,0.294929,-0.007547,11.450042,-0.779086,-40.062153
70,Node_I,0.224585,-1.353725,-0.021117,1.692301,1.674729,-95.061905,Node_J,-0.224585,1.353725,0.021117,-1.692301,2.066551,-144.771194
71,Node_I,9.626141,-1.094702,1.025228,-9.676665,-35.520065,-14.168727,Node_J,-9.626141,1.094702,-1.025228,9.676665,-73.460892,-102.197273
72,Node_I,1.10355,3.386218,-0.051271,4.676907,4.624357,265.114258,Node_J,-1.10355,-3.386218,0.051271,-4.676907,2.743274,221.487961
73,Node_I,-0.029246,-1.061436,0.028877,0.351413,-3.628285,-125.091568,Node_J,0.029246,1.061436,-0.028877,-0.351413,-3.420324,-133.9991
74,Node_I,0.420133,-0.685579,0.09249,42.482983,0.008918,-58.696701,Node_J,-0.420133,0.685579,-0.09249,-42.482983,-8.566085,-4.732867
75,Node_I,0.09249,-3.936766,-0.420133,4.740687,8.566085,-42.583477,Node_J,-0.09249,3.936766,0.420133,-4.740687,20.876286,-233.30011
76,Node_I,0.124828,1.681234,0.226737,-92.130569,-10.904912,55.873917,Node_J,-0.124828,-1.681234,-0.226737,92.130569,-10.51907,102.982803
77,Node_I,0.519859,0.514735,0.111829,52.510792,-10.252295,86.724419,Node_J,-0.519859,-0.514735,-0.111829,-52.510792,-9.207684,2.84764
78,Node_I,-0.033984,-5.130506,-0.283206,-24.516232,14.183793,-53.346703,Node_J,0.033984,5.130506,0.283206,24.516232,12.018378,-421.32608
79,Node_I,0.236653,0.39258,0.145813,-0.821195,-4.97611,21.776768,Node_J,-0.236653,-0.39258,-0.145813,0.821195,-8.801525,15.317451
80,Node_I,0.145813,-1.546172,-0.236653,-15.30195,8.801525,0.806478,Node_J,-0.145813,1.546172,0.236653,15.30195,13.093513,-143.857803
81,Node_I,11.295203,-0.660306,-0.196734,3.157206,10.958467,-25.519154,Node_J,-11.295203,0.660306,0.196734,-3.157206,9.954173,-44.670895
82,Node_I,27.862005,-0.159746,-0.253258,2.136628,18.565723,-8.483619,Node_J,-27.862005,0.159746,0.253258,-2.136628,8.355441,-8.497261
83,Node_I,36.498833,-0.376953,-1.502912,-1.341613,68.786102,-1.545087,Node_J,-36.498833,0.376953,1.502912,1.341613,90.972321,-38.524727
84,Node_I,12.803248,1.872389,-1.136702,-0.019368,56.161327,36.048542,Node_J,-12.803248,-1.872389,1.136702,0.019368,64.669174,162.985001
85,Node_I,34.961971,2.19991,0.697657,-4.65325,-34.602108,48.889603,Node_J,-34.961971,-2.19991,-0.697657,4.65325,-39.558292,184.959152
86,Node_I,50.39455,0.606339,1.667319,-9.569717,-96.982918,44.795544,Node_J,-50.39455,-0.606339,-1.667319,9.569717,-80.251839,19.657852
87,Node_I,4.694452,-1.209217,1.737522,-8.800573,-89.64595,-60.445545,Node_J,-4.694452,1.209217,-1.737522,8.800573,-95.0513,-68.093262
88,Node_I,-0.483327,-2.254324,-0.013332,1.844865,-0.060979,-125.904755,Node_J,0.483327,2.254324,0.013332,-1.844865,2.422965,-273.483368
89,Node_I,-0.384948,5.193474,0.016574,32.19252,-1.115378,416.795258,Node_J,0.384948,-5.193474,-0.016574,-32.19252,-1.266318,329.511017
90,Node_I,-0.190692,-1.42625,0.265678,75.02906,-19.337357,-121.370331,Node_J,0.190692,1.42625,-0.265678,-75.02906,-5.243072,-10.585863
91,Node_I,-0.571304,0.101901,-0.4391,-25.878441,17.72319,16.03924,Node_J,0.571304,-0.101901,0.4391,25.878441,23.766586,-6.410802
92,Node_I,-0.4391,-2.093133,0.571304,6.428341,-23.766586,25.861769,Node_J,0.4391,2.093133,-0.571304,-6.428341,-29.090298,-219.517822
93,Node_I,0.551059,-2.957754,-0.491264,-56.236168,25.460989,-204.41217,Node_J,-0.551059,2.957754,0.491264,56.236168,20.957693,-75.060623
94,Node_I,0.033621,-0.222768,0.02246,3.277599,-3.322272,-27.031237,Node_J,-0.033621,0.222768,-0.02246,-3.277599,-0.656942,-12.435478
95,Node_I,0.25162,-5.164569,0.712901,-8.263968,-34.586765,-59.391674,Node_J,-0.25162,5.164569,-0.712901,8.263968,-31.370636,-418.432587
96,Node_I,-0.111825,-2.321651,0.080924,51.741955,-2.574444,-87.688202,Node_J,0.111825,2.321651,-0.080924,-51.741955,-5.071902,-131.680344
97,Node_I,7.257599,-1.549883,0.378172,-2.845713,-17.298489,-23.282618,Node_J,-7.257599,1.549883,-0.378172,2.845713,-22.900925,-141.468781
98,Node_I,0.265678,-4.900447,0.190692,10.595638,5.243072,-75.130676,Node_J,-0.265678,4.900447,-0.190692,-10.595638,-18.60656,-268.286499
99,Node_I,-1.284205,0.684573,-0.18748,33.496563,15.760847,126.788742,Node_J,1.284205,-0.684573,0.18748,-33.496563,16.863573,-7.66222
100,Node_I,24.29249,-0.245824,-0.528113,6.49475,16.440922,-20.605032,Node_J,-24.29249,0.245824,0.528113,-6.49475,11.628046,7.539611
101,Node_I,23.226954,-0.138344,-0.720186,-1.152855,21.815428,-8.714245,Node_J,-23.226954,0.138344,0.720186,1.152855,16.462204,1.361304
102,Node_I,19.656364,-0.345761,-0.55919,6.432371,15.894119,5.204515,Node_J,-19.656364,0.345761,0.55919,-6.432371,13.826595,-23.581594
103,Node_I,17.689678,-0.453241,-0.367116,-1.364884,17.477827,24.756227,Node_J,-17.689678,0.453241,0.367116,1.364884,2.03424,-48.845795
104,Node_I,12.628016,-0.466023,-0.541917,1.871466,7.257879,1.448385,Node_J,-12.628016,0.466023,0.541917,-1.871466,21.544804,-26.217295
105,Node_I,10.558216,-0.464349,-0.607432,2.440302,16.702463,31.253006,Node_J,-10.558216,0.464349,0.607432,-2.440302,15.582329,-55.932983
106,Node_I,14.548324,-0.256511,-0.849147,-3.273217,20.861271,6.445599,Node_J,-14.548324,0.256511,0.849147,3.273217,24.270569,-20.079058
107,Node_I,13.5859,-0.258185,-0.783632,-3.601563,17.047523,15.043346,Node_J,-13.5859,0.258185,0.783632,3.601563,24.602249,-28.765762
108,Node_I,0.192074,-0.450574,-0.107479,1.174633,7.647605,-33.462341,Node_J,-0.192074,0.450574,0.107479,-1.174633,7.797255,-31.285557
109,Node_I,-0.065515,0.553688,0.001674,5.035712,-0.568835,38.228401,Node_J,0.065515,-0.553688,-0.001674,-5.035712,0.328347,41.336956
110,Node_I,0.232594,1.504093,-0.097324,-9.922406,6.890719,80.984123,Node_J,-0.232594,-1.504093,0.097324,9.922406,7.669561,144.037674
111,Node_I,0.02471,-14.748507,0.328155,-18.611826,-7.221881,-197.454727,Node_J,-0.02471,14.748507,-0.328155,18.611826,-5.697627,-383.195282
112,Node_I,0.256439,6.858924,-0.205521,1.985669,12.567704,382.868103,Node_J,-0.256439,-6.858924,0.205521,-1.985669,10.330898,381.334869
113,Node_I,-0.018842,-5.00297,0.038056,16.708778,-3.49507,-373.664032,Node_J,0.018842,5.00297,-0.038056,-16.708778,-1.554092,-290.115753
114,Node_I,0.718561,0.436254,-0.16016,21.395111,13.200397,3.751654,Node_J,-0.718561,-0.436254,0.16016,-21.395111,10.760562,61.514709
115,Node_I,0.729348,-9.441808,0.230551,-7.643136,-6.806196,-71.735146,Node_J,-0.729348,9.441808,-0.230551,7.643136,-2.270617,-299.989655
116,Node_I,0.783176,5.747444,-0.044793,-64.137993,5.468634,333.433655,Node_J,-0.783176,-5.747444,0.044793,64.137993,0.474365,429.120911
117,Node_I,1.242616,-6.635288,-0.24358,-5.194467,12.117853,-377.818298,Node_J,-1.242616,6.635288,0.24358,5.194467,15.021155,-361.467743
118,Node_I,0.198787,5.921273,0.45944,-51.288372,-12.592218,58.85463,Node_J,-0.198787,-5.921273,-0.45944,51.288372,-5.495958,174.266418
119,Node_I,-0.161047,-1.118328,0.092058,19.633139,-5.201941,-140.168442,Node_J,0.161047,1.118328,-0.092058,-19.633139,-7.483203,-13.931848
120,Node_I,0.390711,4.81469,-0.010788,-10.272477,-3.954365,28.966978,Node_J,-0.390711,-4.81469,0.010788,10.272477,4.379071,160.587784
121,Node_I,-0.379723,-0.876225,0.030518,8.430395,-0.94598,-127.160919,Node_J,0.379723,0.876225,-0.030518,-8.430395,-3.259253,6.421298
122,Node_I,0.473779,10.137792,0.227259,-2.082149,-2.295241,184.014877,Node_J,-0.473779,-10.137792,-0.227259,2.082149,-6.651948,215.110855
123,Node_I,0.280418,-1.456252,0.071984,8.799981,-5.185553,-188.508408,Node_J,-0.280418,1.456252,-0.071984,-8.799981,-4.733449,-12.156231
124,Node_I,-0.213664,-5.900463,-0.075798,14.781635,5.569377,-20.381245,Node_J,0.213664,5.900463,0.075798,-14.781635,-2.585186,-211.920486
125,Node_I,-0.05839,3.446391,-0.26916,-11.840728,14.422687,222.790207,Node_J,0.05839,-3.446391,0.26916,11.840728,15.56637,161.197433
126,Node_I,3.14574,-0.450173,-0.13303,-0.411242,7.071697,-39.644634,Node_J,-3.14574,0.450173,0.13303,0.411242,11.259241,-22.387056
127,Node_I,3.641905,0.247318,0.001458,-10.728158,3.902815,24.870882,Node_J,-3.641905,-0.247318,-0.001458,10.728158,-4.10375,9.208366
128,Node_I,2.96472,0.38382,-0.37413,-2.230785,18.780901,-1.843005,Node_J,-2.96472,-0.38382,0.37413,2.230785,32.772385,54.731544
129,Node_I,3.586849,1.904563,-0.615319,1.595703,44.445583,125.326347,Node_J,-3.586849,-1.904563,0.615319,-1.595703,40.342464,137.11351
130,Node_I,10.698935,1.386828,0.554486,-11.42947,-39.58276,118.27166,Node_J,-10.698935,-1.386828,-0.554486,11.42947,-36.822769,72.826683
131,Node_I,-0.096961,0.218024,1.284229,-8.397351,-87.614807,25.44393,Node_J,0.096961,-0.218024,-1.284229,8.397351,-89.345947,4.598802
132,Node_I,0.854764,-4.697224,-0.282656,14.028206,14.051425,-206.672714,Node_J,-0.854764,4.697224,0.282656,-14.028206,1.528039,-52.22934
133,Node_I,3.352252,-21.996433,-0.653663,-22.16297,1.318779,-220.562454,Node_J,-3.352252,21.996433,0.653663,22.16297,24.415989,-645.439026
134,Node_I,-1.676345,1.019793,-0.259037,-25.435976,20.200453,-0.033283,Node_J,1.676345,-1.019793,0.259037,25.435976,14.167814,135.336456
135,Node_I,3.424431,-10.118874,0.104177,2.239341,-9.943357,-472.394867,Node_J,-3.424431,10.118874,-0.104177,-2.239341,-1.66379,-655.02301
136,Node_I,8.181815,-0.238402,-0.045756,2.811573,-2.359305,45.038696,Node_J,-8.181815,0.238402,0.045756,-2.811573,7.223167,-70.380676
137,Node_I,2.150918,-0.367339,-0.08253,0.647375,0.68245,-27.318218,Node_J,-2.150918,0.367339,0.08253,-0.647375,8.090385,-11.729612
138,Node_I,7.05181,-0.308992,-0.628994,-4.868471,45.958626,-90.261749,Node_J,-7.05181,0.308992,0.628994,4.868471,20.902924,57.41613
139,Node_I,8.650876,-0.172359,-0.694636,-9.002468,48.228413,39.082348,Node_J,-8.650876,0.172359,0.694636,9.002468,25.610807,-57.403965
140,Node_I,15.194999,2.497488,0.371007,-2.846818,-36.191177,272.793488,Node_J,-15.194999,-2.497488,-0.371007,2.846818,-3.246562,-7.312536
141,Node_I,8.009326,-5.100776,0.363214,-4.224457,-27.675318,-337.064362,Node_J,-8.009326,5.100776,-0.363214,4.224457,-10.934042,-205.144012
142,Node_I,-0.021673,0.272571,0.068496,4.959656,-2.699282,35.583458,Node_J,0.021673,-0.272571,-0.068496,-4.959656,-9.435817,12.7067
143,Node_I,-0.421389,-1.069263,-0.116299,-8.562087,8.669978,-53.546532,Node_J,0.421389,1.069263,0.116299,8.562087,9.110551,-109.928497
144,Node_I,0.506181,0.11332,-0.111357,-3.211498,8.53113,17.392746,Node_J,-0.506181,-0.11332,0.111357,3.211498,8.49375,-0.067755
145,Node_I,0.394643,-0.248156,0.099722,2.853652,-10.410574,-11.550343,Node_J,-0.394643,0.248156,-0.099722,-2.853652,-3.330585,-22.644428
146,Node_I,1.261835,2.136467,-0.214837,1.107426,15.234461,124.92057,Node_J,-1.261835,-2.136467,0.214837,-1.107426,14.061587,166.417328
147,Node_I,1.579781,-0.336379,0.195746,-1.709145,-15.619705,-15.42289,Node_J,-1.579781,0.336379,-0.195746,1.709145,-11.353159,-30.928556
148,Node_I,0.951351,-0.354234,-0.228411,-26.065926,16.300055,-26.151955,Node_J,-0.951351,0.354234,0.228411,26.065926,14.847051,-22.152931
149,Node_I,3.362091,-3.124233,-0.447377,-2.376369,6.117768,11.420071,Node_J,-3.362091,3.124233,0.447377,2.376369,-0.833784,-48.320499
150,Node_I,1.752522,3.425532,-1.551853,-5.470955,8.185592,101.78627,Node_J,-1.752522,-3.425532,1.551853,5.470955,10.143399,-61.327187
151,Node_I,4.347022,0.351425,0.53762,-1.956457,-15.074056,110.446236,Node_J,-4.347022,-0.351425,-0.53762,1.956457,8.724207,-106.29554
152,Node_I,5.801111,-0.339681,1.157094,8.896559,-31.444818,59.268238,Node_J,-5.801111,0.339681,-1.157094,-8.896559,17.778337,-63.280224
153,Node_I,4.53442,-1.401364,-1.318908,-2.848746,5.236488,42.783722,Node_J,-4.53442,1.401364,1.318908,2.848746,10.341182,-59.335285
154,Node_I,2.092483,1.088321,1.623423,-3.212479,-23.305836,89.382729,Node_J,-2.092483,-1.088321,-1.623423,3.212479,4.131526,-76.528526
155,Node_I,3.243523,0.711431,-0.12084,-2.513981,9.105219,44.772335,Node_J,-3.243523,-0.711431,0.12084,2.513981,9.11588,62.502502
156,Node_I,-1.672693,0.18025,0.182009,-1.143396,-10.49314,17.176399,Node_J,1.672693,-0.18025,-0.182009,1.143396,-14.586835,7.661263
157,Node_I,-0.326537,0.006457,0.11929,3.516242,-11.481587,-1.712043,Node_J,0.326537,-0.006457,-0.11929,-3.516242,-4.956027,2.601806
158,Node_I,0.366065,-0.999529,-0.317266,-5.551831,22.814041,-93.080254,Node_J,-0.366065,0.999529,0.317266,5.551831,25.025711,-57.636169
159,Node_I,1.255691,1.041838,-0.171085,-9.720827,12.646778,68.413673,Node_J,-1.255691,-1.041838,0.171085,9.720827,13.150625,88.682327
160,Node_I,1.147823,-0.251062,0.145674,9.11377,-11.173125,-25.956076,Node_J,-1.147823,0.251062,-0.145674,-9.11377,-15.495523,-20.006062
161,Node_I,-1.452339,0.1072,0.167369,12.118418,-14.277358,13.979921,Node_J,1.452339,-0.1072,-0.167369,-12.118418,-16.363104,5.64525
162,Node_I,-4.845442,1.257368,-0.133105,-11.066441,9.791544,83.384155,Node_J,4.845442,-1.257368,0.133105,11.066441,10.279044,106.211159
163,Node_I,-0.028412,1.551265,0.020088,13.189187,0.686154,146.741913,Node_J,0.028412,-1.551265,-0.020088,-13.189187,-2.544665,-3.219319
164,Node_I,0.028412,1.116318,-0.020088,19.603146,3.598032,100.046387,Node_J,-0.028412,-1.116318,0.020088,-19.603146,-1.739521,3.23496
165,Node_I,-0.020088,0.217474,-0.028412,-3.227139,2.544665,13.168414,Node_J,0.020088,-0.217474,0.028412,3.227139,1.739521,19.623919
166,Node_I,-2.267441,0.890347,-0.104379,-3.050798,7.933724,56.188587,Node_J,2.267441,-0.890347,0.104379,3.050798,7.805301,78.064468
167,Node_I,-0.657859,2.945442,0.034383,21.175484,-0.95128,313.75235,Node_J,0.657859,-2.945442,-0.034383,-21.175484,-2.365174,-29.644743
168,Node_I,-0.555002,-1.288217,0.363573,-25.134962,-5.379783,34.669128,Node_J,0.555002,1.288217,-0.363573,25.134962,-11.79691,-95.529793
169,Node_I,-0.257962,1.438959,0.297109,17.294834,-16.286606,90.588776,Node_J,0.257962,-1.438959,-0.297109,-17.294834,-12.371578,48.208439
170,Node_I,-0.59131,-1.160154,0.235519,3.337629,-5.71,-49.404491,Node_J,0.59131,1.160154,-0.235519,-3.337629,-5.416861,-5.405938
171,Node_I,0.807616,-0.863344,-0.125382,-2.742461,4.223588,-87.871193,Node_J,-0.807616,0.863344,0.125382,2.742461,1.699957,47.083267
172,Node_I,0.87091,-3.7323,-0.083749,7.840187,4.199736,-52.33646,Node_J,-0.87091,3.7323,0.083749,-7.840187,3.878394,-307.668884
173,Node_I,0.115229,1.038921,-0.095977,-2.163888,4.077882,-9.588834,Node_J,-0.115229,-1.038921,0.095977,2.163888,0.456456,58.6717
174,Node_I,0.051936,-1.605338,-0.13761,8.484664,5.604817,-53.431427,Node_J,-0.051936,1.605338,0.13761,-8.484664,7.668561,-101.414185
175,Node_I,-0.041633,0.112348,0.063293,5.246734,-5.899693,10.520636,Node_J,0.041633,-0.112348,-0.063293,-5.246734,-6.061273,10.710565
176,Node_I,1.707916,1.5725,0.082743,-7.232396,-9.056131,193.746353,Node_J,-1.707916,-1.5725,-0.082743,7.232396,-11.141047,190.092163
177,Node_I,0.329191,0.845564,-0.102857,5.008964,7.744958,46.265091,Node_J,-0.329191,-0.845564,0.102857,-5.008964,1.973769,33.630703
178,Node_I,0.061591,-0.163533,-0.333348,1.204129,13.415899,-29.446669,Node_J,-0.061591,0.163533,0.333348,-1.204129,18.081579,13.994747
179,Node_I,-0.230492,1.508089,0.2676,4.176222,-10.422116,149.254272,Node_J,0.230492,-1.508089,-0.2676,-4.176222,-15.389668,-3.788988
180,Node_I,0.25783,1.876227,0.24881,1.218615,-12.476522,39.35511,Node_J,-0.25783,-1.876227,-0.24881,-1.218615,-5.400563,95.452553
181,Node_I,-0.020215,-2.004293,0.315814,-4.24871,-14.662472,-104.298096,Node_J,0.020215,2.004293,-0.315814,4.24871,-8.028875,-39.71117
182,Node_I,-1.457088,1.074707,0.267044,0.989382,-14.568442,28.484488,Node_J,1.457088,-1.074707,-0.267044,-0.989382,-15.132292,91.044922
183,Node_I,-1.735133,-3.348765,0.334048,22.103199,-6.3766,-91.068939,Node_J,1.735133,3.348765,-0.334048,-22.103199,-17.624868,-149.541199
184,Node_I,-0.03187,0.173863,-0.278045,4.491808,21.047699,21.066458,Node_J,0.03187,-0.173863,0.278045,-4.491808,21.461437,5.514685
185,Node_I,-0.830155,-0.624293,0.183387,-12.166805,-12.966626,-44.966042,Node_J,0.830155,0.624293,-0.183387,12.166805,-12.303205,-41.058617
186,Node_I,-1.144857,-5.510452,-0.503723,71.818008,-6.473373,29.941652,Node_J,1.144857,5.510452,0.503723,-71.818008,26.304987,-246.888641
187,Node_I,0.265147,-1.857956,-0.314701,6.504102,22.075464,-169.408051,Node_J,-0.265147,1.857956,0.314701,-6.504102,20.838575,-83.95092
188,Node_I,0.727868,0.419478,0.222438,-0.197364,-14.543384,26.343628,Node_J,-0.727868,-0.419478,-0.222438,0.197364,-10.196278,20.310911
189,Node_I,1.193316,-2.132835,0.479758,32.210964,-11.154431,-69.716408,Node_J,-1.193316,2.132835,-0.479758,-32.210964,-23.316351,-83.528648
190,Node_I,-0.590371,4.578801,0.883105,-1.008679,-37.734459,283.708099,Node_J,0.590371,-4.578801,-0.883105,1.008679,-25.716978,45.280483
191,Node_I,-1.055818,1.397586,0.625785,30.724957,-14.683663,-10.534708,Node_J,1.055818,-1.397586,-0.625785,-30.724957,-30.279264,110.951836
192,Node_I,0.15281,-0.470372,-0.465447,-43.141132,32.186768,-32.441898,Node_J,-0.15281,0.470372,0.465447,43.141132,31.283651,-31.700068
