Member_ID,Node_I,Node_J,fx'i,fy'i,fz'i,mx'i,my'i,mz'i,fx'j,fy'j,fz'j,mx'j,my'j,mz'j
1,1,4,124.91293160242489,-0.04096511599943651,0.05367295269744066,66.6647922825339,3672.425850526469,5467.91234954276,-105.42493160242489,0.04096511599943651,-0.05367295269744066,-66.6647922825339,-512.9352795726304,-1842.960023541914
2,2,5,173.3983401066274,-2.161336545740758,-0.8960985117666862,6.655371563785902,721.5881260568985,647.0888316594705,-150.40634010662737,2.161336545740758,0.8960985117666862,-6.655371563785902,-485.840358406871,-202.69365027060573
3,3,6,111.58357260511158,-2.290685883914527,-0.7039918421143296,-39.206843514104754,-580.1989627679318,-1214.4831718278651,-92.91157260511159,2.290685883914527,0.7039918421143296,39.206843514104754,-495.4132740605746,1464.8543459560735
4,24,28,256.59410746883515,0.44848976541690627,0.8759160548533766,-31.605034508264314,2054.3920146628266,5001.872234576871,-231.15410746883515,-0.44848976541690627,-0.8759160548533766,31.605034508264314,-128.26609694289073,-1865.1375864515119
5,25,29,368.70501802246116,-2.011804599581723,-0.3091859716666161,51.4571766470252,-2591.2219044839762,-259.53287720476146,-340.6250180224612,2.011804599581723,0.3091859716666161,-51.4571766470252,-184.99913801610023,-294.1740221678242
6,26,30,426.2440469037986,-6.95630940760433,-2.1338812032695245,869.4046774529139,3629.462821854371,-16579.737314600323,-403.1560469037986,6.95630940760433,2.1338812032695245,-869.4046774529139,-428.6410169500805,2458.8732031938234
7,27,31,122.79644161550183,-31.028792091997165,-2.396925833331288,307.2121673517138,3829.6608722043247,-22899.02388930538,-86.29244161550184,31.028792091997165,2.396925833331288,-307.2121673517138,-234.2721222073933,4596.6357513096145
8,46,48,136.2832686473971,3.363610005094089,0.14446697353509588,246.93025257853506,3117.2115518354926,747.4198494175935,-115.45126864739713,-3.363610005094089,-0.14446697353509588,-246.93025257853506,-93.91201213813639,-1852.4048417764607
9,47,49,366.7735312765184,4.353210562570874,8.117201038395184,77.64347234840022,-14859.053632809411,643.570522408535,-340.66153127651836,-4.353210562570874,-8.117201038395184,-77.64347234840022,-556.747924783369,-264.1546785522218
10,62,64,21.381308850700222,2.646523571679752,1.3267644753809886,34.190000691525306,-1927.5940131190805,4138.384931278557,-10.82130885070022,-2.646523571679752,-1.3267644753809886,-34.190000691525306,-62.552699952401326,-168.59957375892873
11,63,65,139.75273855609376,33.678059741277266,-4.077938132194632,-329.8576781816572,6023.243054496105,15015.025435959364,-103.24873855609377,-33.678059741277266,4.077938132194632,329.8576781816572,93.66414379584239,7261.264175956528
12,1,2,0.0,12.528,0.0,3686.4,0.0,3240.0,0.0,16.032,0.0,3686.4,0.0,-1108.4
13,2,3,0.0,16.032,0.0,3686.4,0.0,-1108.4,0.0,11.712,0.0,3686.4,0.0,-2131.6
14,3,26,0.0,11.712,0.0,2131.6,0.0,3686.4,0.0,10.908,0.0,0.0,0.0,-3686.4
15,2,25,0.0,16.032,0.0,1108.4,0.0,3686.4,0.0,19.38,0.0,3240.0,0.0,2464.0
16,1,24,0.0,12.528,0.0,-3240.0,0.0,3686.4,0.0,18.48,0.0,-3240.0,0.0,2464.0
17,24,46,0.0,18.48,0.0,-3240.0,0.0,2464.0,0.0,13.872,0.0,-3240.0,0.0,-6150.4
18,25,24,0.0,19.38,0.0,-2464.0,0.0,3240.0,0.0,18.48,0.0,-2464.0,0.0,-3240.0
19,25,47,0.0,19.38,0.0,3240.0,0.0,2464.0,0.0,15.672,0.0,3240.0,0.0,-6150.4
20,46,47,0.0,13.872,0.0,-6150.4,0.0,3240.0,0.0,15.672,0.0,-6150.4,0.0,-3240.0
21,63,27,0.0,26.064,0.0,0.0,0.0,28240.8,0.0,26.064,0.0,0.0,0.0,-28240.8
22,4,7,112.3849316024249,-0.04096511599838326,0.0536729526947457,66.66479228253388,512.9352795726306,1842.960023541913,-74.45413160242491,0.04096511599838326,-0.0536729526947457,-66.66479228253388,8042.710032612607,8338.831140062772
23,5,8,157.36634010662735,-2.1613365457406433,-0.8960985117724669,6.6553715637859,485.8403584068717,202.69365027060667,-121.66754010662734,2.1613365457406433,0.8960985117724669,-6.6553715637859,-4466.8515492667175,918.0203670815272
24,6,9,99.87157260511158,-2.2906858839146036,-0.7039918421301274,-39.20684351410475,495.4132740605754,-1464.8543459560733,-84.05557260511159,2.2906858839146036,0.7039918421301274,39.20684351410475,-585.4369318832053,-4403.734717396279
25,28,32,238.1141074688352,0.4484897654120523,0.8759160548600216,-31.60503450826431,128.26609694289073,1865.137586451512,-174.12935746883517,-0.4484897654120523,-0.8759160548600216,31.60503450826431,11514.171093963047,8519.076483243432
26,29,33,349.32501802246117,-2.0118045995830283,-0.3091859716683227,51.4571766470252,184.99913801610012,294.17402216782466,-259.3828280224612,2.0118045995830283,0.3091859716683227,-51.4571766470252,-5952.895570177965,16297.838059041393
27,30,34,415.33604690379866,-6.956309407604568,-2.133881203262951,869.4046774529138,428.6410169500815,-2458.87320319382,-360.89060690379864,6.956309407604568,2.133881203262951,-869.4046774529138,-874.8435274875228,-1096.572408859418
28,31,35,96.73244161550183,-31.02879209199712,-2.396925833289051,307.2121673517138,234.27212220739398,-4596.635751309615,-73.19444161550183,31.02879209199712,2.396925833289051,-307.2121673517138,5833.2127943308515,-78887.12131548201
29,48,50,122.41126864739711,3.363610005099214,0.1444669735340447,246.930252578535,93.91201213813633,1852.4048417764607,-78.59731864739712,-3.363610005099214,-0.1444669735340447,-246.930252578535,8198.430639613134,-11482.119576988738
30,49,51,351.1015312765183,4.353210562576423,8.117201038398942,77.64347234840022,556.7479247833708,264.1546785522187,-281.4260212765183,-4.353210562576423,-8.117201038398942,-77.64347234840022,-27342.123811140304,-18177.17179708059
31,64,66,17.78130885070022,2.6465235716787823,1.3267644753812444,34.1900006915253,62.552699952400644,168.59957375892918,-3.141308850700222,-2.6465235716787823,-1.3267644753812444,-34.1900006915253,1849.830321441992,6866.318784109538
32,65,67,113.68873855609377,33.67805974127721,-4.077938132202066,-329.85767818165715,-93.66414379584148,-7261.264175956545,-93.28873855609376,-33.67805974127721,4.077938132202066,329.85767818165715,6159.684727181833,103527.63742566045
33,7,32,-2.9808766729510694,29.603026993770495,0.3577847782091403,-8980.516218505985,-884.5273026200373,6867.541210798376,2.9808766729510694,58.392523006229496,-0.3577847782091403,-13913.374406494015,-832.8396327838358,5951.3321093000195
34,32,50,-5.0623535213721595,56.38243988127532,0.046315269898007765,-13586.062448402829,-86.8664368297585,6346.349746054714,5.0623535213721595,37.49626011872468,-0.046315269898007765,-9307.828176597171,-200.28823653788967,-20629.26248214773
35,7,8,-2.356306969645061,29.542196794701752,-0.2517439108863041,10263.041799591125,549.5898924094904,3331.9520949454327,2.356306969645061,30.167403205298243,0.2517439108863041,7426.138200408875,583.2577065788781,-7629.066518787542
36,8,9,-2.017275930519702,28.953107744430817,-0.5297024763683612,6920.6403960415155,950.8456686850186,-5632.916750721979,2.017275930519702,8.64169225556918,0.5297024763683612,1242.3496039584834,982.5683700595001,-2296.1568571055327
37,33,32,-0.47880499381929553,84.01255597838762,-0.21749852422437116,-22471.793608070806,426.9237405768686,10527.72577446686,0.47880499381929553,54.25438402161237,0.21749852422437116,-9038.045561929193,551.8196184328015,-5579.136871722536
38,33,51,-5.46476812252379,81.30843406100844,0.052263108269554936,4628.719441934458,-191.9166815033318,21462.56415816614,5.46476812252379,59.16926593899155,-0.052263108269554936,5281.309183065543,-132.11458976790883,-29162.93330991378
39,51,50,2.2220040702964496,67.07088168404212,-0.16715264352847262,30211.616919631673,432.97752311665647,26048.66902459067,-2.2220040702964496,29.01857831595788,0.16715264352847262,19709.894580368324,319.20937276147026,3744.6995535988626
40,51,66,2.9781761230157926,55.96916124840056,0.920398811627152,6146.927800022109,-926.6854208258706,-33610.579758117114,-2.9781761230157926,10.946348751599437,-0.920398811627152,-8661.43492502211,-914.1122024284336,-4099.445495081767
41,34,33,4.292964598413974,41.39110186417464,-0.19721187967677994,-16613.251243496066,292.20728164680673,4334.256032443458,-4.292964598413974,82.11652813582535,0.19721187967677994,-22430.845846503933,427.61607917343986,5773.403521793973
42,34,35,0.16244046301900994,44.34761194775402,-1.7692205353637611,21244.307282345297,1964.909775732186,-5559.926237309261,-0.16244046301900994,11.015828052245983,1.7692205353637611,1873.284387654705,2192.7584823726525,2934.9723145312023
43,8,16,-3.310510579445804,35.70540691815696,1.90471219927378,5373.703346128374,-2342.693900534825,13944.307905087353,3.310510579445804,7.889273081843035,-1.90471219927378,-3510.760471128374,-1847.6729378674913,10133.309647857972
44,16,33,-4.496076634559511,6.58121158723295,0.385875466907986,-4022.6162732051444,-202.69927683263063,-8763.868792141031,4.496076634559511,89.51685841276705,-0.385875466907986,5970.398023205145,-800.5769371281335,11038.468671946699
45,9,17,-0.41251033639497336,13.178059920921584,1.368833254881595,4176.4975654977525,-1914.863139407029,6011.989031198661,0.41251033639497336,9.285820079078416,-1.368833254881595,2671.856434502248,-1096.570021332478,4822.235127828823
46,16,17,1.5188367323762293,15.241275330960367,-1.185566055111549,1355.5438102830599,2050.37221470012,1900.1312556664789,-1.5188367323762293,13.222484669039634,1.185566055111549,558.2408557169402,2276.9438864570348,-493.43829766114413
47,66,67,2.247163287029883,7.554960099100896,-0.3316525513473936,-4046.873289027771,948.302203119959,1008.7347535358986,-2.247163287029883,10.085039900899105,0.3316525513473936,2006.873289027771,1041.613104964402,-1758.974158930524
48,35,44,34.686539831600385,66.95198387627997,0.125390254516768,4517.077692470552,-748.5144024401842,106084.52677192783,-34.686539831600385,-34.35398387627997,-0.125390254516768,-3633.477692470552,194.28947747606958,132721.0219612296
49,44,53,31.02515801737991,-11.521931439305035,1.26410943709109,9301.620604012387,-1159.4895933531789,-138867.3132668606,-31.02515801737991,54.47874393930503,-1.26410943709109,-8197.120604012387,-1090.6252046689606,62337.01967489741
50,53,67,33.346407189960246,-69.70688615519948,1.8307748452141146,-9056.210568251308,-2290.078907282168,-94975.34222571085,-33.346407189960246,103.12369865519949,-1.8307748452141146,15920.710568251308,-1371.470783146059,-108334.51071468822
51,51,52,3.8513552848179984,98.85461371170459,0.021936303255718603,-31538.29592808158,327.32928207078055,60445.08190939011,-3.8513552848179984,8.793268788295407,-0.021936303255718603,-32816.09145191841,-407.3967889541535,76557.84976333166
52,52,53,0.5666654080947353,9.727417784118245,-2.3212491725802717,-50872.92655081324,2074.231443612511,-76913.11641005846,-0.5666654080947353,62.14176721588176,2.3212491725802717,1473.4112908132374,3380.7041119511277,-19462.331172263715
53,17,22,0.7730557187175009,4.707455251903715,2.8876699871389766,6268.21326783661,-1180.3738651245394,-4277.891317545761,-0.7730557187175009,26.351237248096286,-2.8876699871389766,-2435.0592678366097,-2573.59711815613,9132.147108020583
54,22,34,-1.1154714855009615,-3.9926075611154594,0.5277943622572083,-4847.203705179576,66.3645878836569,2308.061640958227,1.1154714855009615,63.70886006111546,-0.5277943622572083,10598.061705179574,-752.4972588180267,2306.8595795916663
55,22,23,2.3598756248614166,12.542995313018016,-1.8885272042371355,20306.82251102119,2507.2325302724726,-5515.062973016176,-2.3598756248614166,21.422629686981985,1.8885272042371355,11778.20874897881,1930.8063996847955,-6018.307416391495
56,23,35,1.8885272042414272,-4.9078171869842215,2.359875624819655,-5134.707416391476,-1930.8063996847961,4433.306881021146,-1.8885272042414272,34.52062968698422,-2.359875624819655,6901.9074163914765,-1137.0319125807548,-9571.469844100508
57,7,10,108.22130781395268,-2.7700978780232646,2.052195144138749,401.6022024930836,5778.712278935973,5432.355849547723,-46.27970781395268,2.7700978780232646,-2.052195144138749,-401.6022024930836,6102.954581889403,7689.55987978946
58,32,36,233.19901055971462,-1.4154885588125694,1.6661905570318947,336.281416672545,12137.630179417578,6479.57109947264,-119.14951055971464,1.4154885588125694,-1.6661905570318947,-336.281416672545,11728.842816596307,7865.797291733405
59,33,37,328.63940143446405,-3.0007827320813822,-4.747343205258213,189.41097552818195,-469.5364184216014,18429.716756271024,-168.98882143446406,3.0007827320813822,4.747343205258213,-189.41097552818195,-4528.062427381225,13451.089037109243
60,50,54,122.64433021271464,8.59311617013351,-2.031221826828913,128.0091163549514,12372.331362388555,-6331.274610495211,-48.93643021271464,-8.59311617013351,2.031221826828913,-128.0091163549514,10534.561320049506,-9235.679230144313
61,51,55,296.53964869340535,12.607065861379748,5.619714120519566,376.136677754729,-11853.516465571473,-9986.041037175251,-180.8646286934054,-12.607065861379748,-5.619714120519566,-376.136677754729,-10343.597409831355,-17689.536637099423
62,44,45,84.87591531558519,-3.6613818142207215,-1.1387191828262093,965.2001158771086,5668.142911541835,-5311.308694368866,-52.94391531558519,3.6613818142207215,1.1387191828262093,-965.2001158771086,-2593.60111791107,-12922.102204027095
63,34,38,372.2471604148439,-11.68099224130369,2.2669091264409653,59.86534067085347,-6157.6439381204455,3655.8202239950497,-279.99485541484387,11.68099224130369,-2.2669091264409653,-59.86534067085347,-8696.35945827016,8463.248474484983
64,10,36,-3.0002182659978303,30.56798116155793,0.13883906744011687,-9297.692516434845,-369.59902014550767,9308.85202221674,3.0002182659978303,57.42756883844206,-0.13883906744011687,-13596.198108565155,-296.8285035670533,8141.801303261342
65,36,54,-4.089245751520423,56.087581348348714,0.014714943752587861,-14064.75391708666,-14.926721419723663,5910.624426013432,4.089245751520423,37.79111865165128,-0.014714943752587861,-8829.13670791334,-76.30592984632085,-22021.660066251396
66,10,11,0.3519093759815064,29.56716470613819,-0.08531357946012652,10410.589079491616,186.0746277421963,4087.6093886258604,-0.3519093759815064,34.4365152938618,0.08531357946012652,13510.654920508385,197.83647982837272,-10173.56821100399
67,11,37,-2.4208524607557393,32.30277346429907,0.17449924143634066,8664.232044046339,-414.82697733750024,11755.429019744726,2.4208524607557393,79.13849653570092,-0.17449924143634066,10967.554580953662,-422.76938155693506,15917.387358890837
68,36,37,-0.26370780500411684,54.54887566175939,-0.13263429183856085,9148.466404362767,335.5931216858811,5438.59232129201,0.26370780500411684,80.88426433824061,0.13263429183856085,17491.801095637235,261.26119158764243,-13548.322843374754
69,37,55,-5.7941527519369345,77.68616856613627,0.03187099519510467,9656.075411904638,-105.37184189301104,14924.057295958908,5.7941527519369345,57.16173143386372,-0.03187099519510467,5273.207213095362,-92.22832831663823,-33022.48418591399
70,54,55,1.0671957011043105,29.855671011725033,-0.08368894648745062,-19402.76170800642,174.12821948828196,-5586.606527168313,-1.0671957011043105,63.43778898827497,0.08368894648745062,-31158.749791993578,202.47203970524617,-20972.744920069035
71,52,56,86.56169104350744,9.755348450748572,3.5422180446649647,-765.2404751254754,-7380.441912732922,-11394.682716423442,6.621926456492567,-9.755348450748572,-3.5422180446649647,765.2404751254754,-10594.154807862482,-24874.087926555407
72,55,56,4.839938150093644,72.42397927822907,-0.3056653401291291,-30687.886345833995,609.5010833323878,27573.4481752478,-4.839938150093644,28.786775721770926,0.3056653401291291,-29280.593234166005,506.17740813893334,22942.167815288296
73,56,38,4.121254682796113,39.53904092785292,0.08445636691167441,-3847.476560113435,-261.98384850851653,12157.503641540221,-4.121254682796113,55.21906907214708,-0.08445636691167441,-2300.7181948865646,-261.6456263438648,-42845.913138852084
74,56,57,2.070098710107004,40.94474717190071,0.7301622489226918,-26940.23028445804,-404.2322811657418,-12446.14498686013,-2.070098710107004,18.288982828099293,-0.7301622489226918,-13205.47337554196,-1311.6490038025845,-1479.028909173206
75,57,45,0.7301622489048896,-3.82649782807205,-2.070098710108139,595.4289091732948,1311.649003802584,-1850.9215455419726,-0.7301622489048896,30.720982828072053,2.070098710108139,-1479.0289091732948,2373.1267001899014,-16730.036058426256
76,12,18,1.466486525306152,14.142631004730845,0.7896495334047371,-8128.201044692423,-1032.7594580949344,7122.440193883773,-1.466486525306152,4.680988995269155,-0.7896495334047371,7425.787799892423,-862.3994220764343,9620.729967470254
77,45,39,1.6728536342864402,15.228843705058297,0.4407064773953959,5626.099430064092,-1085.809667566048,9229.719091544986,-1.6728536342864402,20.567661294941704,-0.4407064773953959,-7288.912674864092,-862.1129625216022,-6470.965995187327
78,39,38,-0.002198238799110186,-0.7974088034589144,-0.8864509034944192,-12403.394589458432,1199.8018244247637,-7395.2488665143865,0.002198238799110186,74.14877880345892,0.8864509034944192,-26858.677570541564,883.3577987871215,-45623.54457181408
79,39,19,0.7864027307900301,26.95875750851865,0.44290471624063166,-3431.962681250296,-337.6888619031615,-5569.991575354181,-0.7864027307900301,5.029367491481349,-0.44290471624063166,106.33619165029586,-725.2824570743542,222.76576579890047
80,19,18,0.4429047163454243,3.594252508525738,-0.7864027307897534,-1974.0215157988428,725.2824570743483,1769.149436450291,-0.4429047163454243,15.956987491474262,0.7864027307897534,-606.8899842011574,1122.7639602815716,-13588.163041414828
81,10,13,79.05696194638483,-5.685002564550526,1.561446700716254,585.1265948964167,6645.634138049891,3492.7690185021856,-17.535301946384834,5.685002564550526,-1.561446700716254,-585.1265948964167,7223.098845016226,-2462.0284917886083
82,36,40,179.1844847111393,-2.3718817524730973,2.054022485717452,312.4435199733986,11901.987836459884,5267.685574629064,-100.81622721113932,2.3718817524730973,-2.054022485717452,-312.4435199733986,6431.471158102995,174.46304669356414
83,37,41,247.27346324999365,-5.890311465859693,-9.112220772674242,-98.01252449403415,-94.97408468640424,11655.400569659923,-128.84992574999364,5.890311465859693,9.112220772674242,98.01252449403415,9189.658464906855,1233.1478255188958
84,54,58,91.85149054933538,12.766050868009188,-3.0837025841260424,30.18682671306135,12356.799124205472,-7492.450245597873,-26.22715804933538,-12.766050868009188,3.0837025841260424,-30.18682671306135,13856.789183934836,18007.26396122267
85,55,59,213.59916899303477,18.623195006965076,1.8788426667262232,-343.60811696630026,-6097.470132252058,-12150.654039159032,-107.92771649303478,-18.623195006965076,-1.8788426667262232,343.60811696630026,-6464.28839890874,14893.468927964743
86,38,42,275.6859629206385,-7.807552396167751,7.071569766041625,-576.8373867488312,-12483.321501687393,19186.079181736925,-180.46369292063844,7.807552396167751,-7.071569766041625,576.8373867488312,-11656.914376624998,9103.689008610128
87,56,60,63.19248972201158,4.598266179003329,6.39651385159276,-605.2017535901357,-12251.607460452244,-21912.192233280333,27.80200027798842,-4.598266179003329,-6.39651385159276,605.2017535901357,-13429.587938848214,-19375.772743410693
88,58,59,-1.1636125543104754,17.359304774221318,-0.07073414179963011,-4809.7255996624035,61.00657119659172,-10914.355114967177,1.1636125543104754,60.643020225778685,0.07073414179963011,-16122.098158337598,257.2970669017436,-34969.69065103692
89,59,60,-1.3595115627119867,73.58314588119003,0.04618592724072401,-13235.796681389607,-89.10785695689196,45985.54783594737,1.3595115627119867,21.87204161880997,-0.04618592724072401,-28038.819028610393,-79.47077747175081,34824.550049396246
90,60,61,-0.797330641489225,39.74166711631975,0.5775441752598596,-19694.368053289887,-1173.792676297874,-18959.127834281066,0.797330641489225,21.935262883680245,-0.5775441752598596,-16699.051606710116,-183.43613556279706,-1738.3841923676082
91,43,21,-1.8717006444478557,28.10254493950567,-1.4269571861073747,-6884.892669967933,1461.6931810084097,-5982.340262036667,1.8717006444478557,7.226380060494332,1.4269571861073747,3117.466180367933,1963.0040656492893,-2683.1717131497517
92,21,20,-1.4269571869333504,2.537239939594169,1.8717006444508195,701.5159631497113,-1963.0040656492893,5001.1794251679485,1.4269571869333504,25.258540060405828,-1.8717006444508195,-3635.4399631497113,-2435.492448810138,-20192.75656711165
93,20,15,2.3294099834325834,6.360454519373938,-1.8792085011836264,-5038.976136675349,2379.596168884591,-20950.506111298528,-2.3294099834325834,25.891705480626058,1.8792085011836264,3931.7733814653493,2130.5042339561096,-9165.85529220401
94,13,14,1.1985911400331588,28.956749063103754,0.16646640469608942,6544.123441887725,-549.0825602722584,1853.4837936224176,-1.1985911400331588,37.73505093689624,-0.16646640469608942,8935.255460112277,-200.01626086014357,-8738.983009655529
95,43,42,0.8522018229214154,-0.05441404083044432,2.1548283799395995,-11307.888840439024,-2721.544125574177,-8890.726427180232,-0.8522018229214154,70.85512404083045,-2.1548283799395995,-23795.606819560977,-2342.3025672838803,-46483.79331897135
96,18,38,0.6800837945148999,1.217263513360562,0.34674481731929774,2836.748751922401,-260.3645382051218,-8568.308451671426,-0.6800837945148999,59.69722148663944,-0.34674481731929774,-2400.671241722401,-571.8230233611921,13133.004713736767
97,45,68,44.290088782456436,-4.604073199642009,1.3720860046757313,-322.116916746746,-1553.4694029797247,-2434.854762854193,-24.418088782456433,4.604073199642009,-1.3720860046757313,322.116916746746,-2151.1628096447457,-15888.622876179252
98,61,68,0.5775441752587085,-6.481577883691962,0.7973306415020573,633.8841923676209,183.43613556290074,-5217.763776709951,-0.5775441752587085,29.375262883691963,-0.7973306415020573,-1738.384192367621,-1602.6846774365695,-19072.11632626164
99,68,43,-4.026529024387685,9.922825898768782,-0.5747553631799973,3889.5470020123066,1280.5677606898207,9730.693450082365,4.026529024387685,23.082479101231222,0.5747553631799973,-5773.260246812307,1259.8509445657673,-8256.235057524374
100,8,69,141.79682223874138,-5.19388855981969,-3.1398417501466724,815.2458968347144,-3216.24933509539,345.25313138072215,-106.31402223874139,5.19388855981969,3.1398417501466724,-815.2458968347144,3006.938822793401,31.587312862682666
101,69,11,115.44807433242724,-4.806145799073228,-4.549625607902517,115.2167012921725,4362.925094690125,34.14572829046301,-75.67119433242723,4.806145799073228,4.549625607902517,-115.2167012921725,-4570.227399021742,7098.211442960672
102,9,70,88.8038204286213,-3.232898696692928,-4.09010102754857,893.0879258334252,663.2913544864882,-527.4039177608735,-73.2038204286213,3.232898696692928,4.09010102754857,-893.0879258334252,595.1450327040825,-3062.6093227745732
103,70,12,77.55776833492908,-3.620641457719671,-2.6803171698704276,177.8560415769923,758.6811917680266,2996.876281621415,-62.91776833492908,3.620641457719671,2.6803171698704276,-177.8560415769923,-232.25301244294894,-6963.142249542992
104,12,71,58.55518065543974,-2.761518330846207,-3.305607491394639,367.0714836721502,193.7126077739391,891.7883784134898,-43.91518065543974,2.761518330846207,3.305607491394639,-367.0714836721502,1176.857505608818,-3698.238125055883
105,71,15,47.88794691254472,-2.794947036521066,-3.7180543543277125,358.403376351607,772.2015482580996,4224.333144297401,-26.92394691254472,2.794947036521066,3.7180543543277125,-358.403376351607,915.0718300843146,-6845.511643600843
106,11,72,102.34961412541432,-6.867172343733145,-4.832950626921978,-135.1676630206573,-4290.239646767577,6481.52218423999,-62.572734125414314,6.867172343733145,4.832950626921978,135.1676630206573,4465.42611811224,-2131.550848279745
107,72,14,72.087967868238,-6.833743638410169,-4.420503764023358,-248.5143318545778,3700.5179893063264,1605.455829038241,-29.203027868237996,6.833743638410169,4.420503764023358,248.5143318545778,-4686.580107874786,-1431.2882898920252
108,69,70,1.4097838577562811,4.353947906313524,-0.3877427615887501,-65.73304115315207,700.0291955425446,-3106.663917483526,-1.4097838577562811,9.134052093686476,0.3877427615887501,65.73304115315207,715.2318842563932,-5617.026224472111
109,71,72,-0.41244686293111954,9.51523374281794,-0.033428705795732705,526.0950192415071,8.668107320522154,6212.259053866919,0.41244686293111954,3.972766257182058,0.033428705795732705,-526.0950192415071,113.34666883390207,3902.744107418572
110,13,73,2.264443566697537,37.62899591293988,-0.3827559567983543,-11053.242599490042,677.0956955198626,15165.292760833341,-2.264443566697537,24.924664087060123,0.3827559567983543,-8622.396800509958,777.3769403138858,11931.623708338182
111,73,40,1.9679059433933617,-32.10484370106125,1.469014097793746,-12408.555517295888,-1026.3166725295014,-25587.032647611974,-1.9679059433933617,85.45115120106125,-1.469014097793746,-7590.467638704113,-442.697425264254,-41637.63290144919
112,40,74,4.531541580527687,51.68889073455069,-0.6829091643437213,-9987.216670029866,1073.4145286932471,45944.97742520633,-4.531541580527687,7.8765667654493114,0.6829091643437213,-12003.574698970135,859.2184063994864,44301.797006872126
113,74,58,3.308363777124555,15.527173919814196,0.06560066735286174,-9401.157875062418,-210.99570711677188,-41589.13649051269,-3.308363777124555,51.46515858018581,-0.06560066735286174,-12069.201993937582,-10.078541862372731,-37854.89450241349
114,14,75,7.764423372058502,38.28765482029161,-0.805548203647676,12160.265804588567,1634.3434755810076,9066.216652650346,-7.764423372058502,20.37608517970839,0.805548203647676,4977.373595411432,1426.739698280161,2611.36366445777
115,75,41,6.803070343083164,-17.67647538621846,0.3976418424038286,5508.985291132162,-478.5890399817581,-9749.532444510427,-6.803070343083164,80.21442288621846,-0.3976418424038286,6900.733864867838,80.94719757791609,-25093.68478970799
116,59,76,10.669065013424017,74.29376942366508,-0.19881048208941277,-12380.713052809544,547.1451919224364,51383.142732885324,-10.669065013424017,3.6801230763349224,0.19881048208941277,-1373.8428161904558,122.8461327188852,47830.99360456597
117,76,41,12.597807397131135,-0.45616708018396324,-0.921176101682569,-9547.103100672943,1152.8604680300868,-43812.989785826096,-12.597807397131135,69.21326458018396,0.921176101682569,-4854.384268327058,1454.0678997315845,-51660.10142939452
118,76,77,0.722365619591983,54.259944003834704,1.9287423835674389,-7231.412369339874,-1275.7066007489666,9167.184909136788,-0.722365619591983,-10.241994003834701,-1.9287423835674389,7226.488094039874,-653.0357828184751,28644.87450769823
119,77,74,-2.6306927262694444,10.515012191557116,0.28605147092854666,3867.782998922027,-392.99277898280843,-19960.696944791154,2.6306927262694444,42.982937808442884,-0.28605147092854666,-3872.7072742220275,-608.1873692671043,-6746.825797758935
120,75,78,1.2031900458550808,42.34599020640091,0.9613530290111072,4621.146121947302,-948.1506582984039,5618.235513456427,-1.2031900458550808,-6.743190206400909,-0.9613530290111072,1058.5113290526979,-13.202370712704578,24507.251892944565
121,78,73,-3.9658157423846205,9.582435639146459,0.11785981141346458,732.7966909039269,-15.428448405033578,-16971.113793336306,3.9658157423846205,35.50036436085354,-0.11785981141346458,4946.860760096073,-397.08089154209256,-3322.658669651086
122,41,79,4.1367822583451925,91.82709655328846,1.581790389844329,-11149.004848901113,-541.9840667901517,28175.590132869336,-4.1367822583451925,-41.815949053288456,-1.581790389844329,-1488.4907540988872,-1039.8063230541811,30243.780876419216
123,79,40,4.205945747752821,3.632799724618108,0.19175388463385268,-358.31636445069284,-352.865012762898,-24636.904518673597,-4.205945747752821,27.706707775381894,-0.19175388463385268,-3806.099238549307,-318.27358345558605,-5081.022401163025
124,78,79,-1.2133507988808105,-17.748431604057416,-1.0310799399434245,4283.267517665052,952.1571231167181,-1999.6060477741994,1.2133507988808105,40.824431604057416,1.0310799399434245,216.73248233494814,78.92281682668545,-27227.045556283236
125,79,77,0.17668570639943937,27.346717724386032,-0.9619164504445177,926.391159919538,1313.7485189904255,29585.578437733697,-0.17668570639943937,-2.07471772438603,0.9619164504445177,3573.608840080462,1408.4750357675566,19316.95272227876
126,13,80,42.602136970315456,-3.587025402519089,0.7456115175085318,457.1134596487926,7990.201361871308,-1008.4153579324584,3.124384267684544,3.587025402519089,-0.7456115175085318,1219.2474533512072,5818.38354684883,-1551.2168308843457
127,14,81,55.2986568301705,0.007840901605307593,-0.9454724230161409,-1091.1568087986038,-6877.661993351232,9978.003959547597,-13.085716830170501,-0.007840901605307593,0.9454724230161409,1091.1568087986038,-1605.6267260922764,-550.8393529290188
128,15,82,24.622786642147872,0.6676629995942243,-1.9202753924244242,-196.8484389125369,1382.6154275068602,569.2243525868034,-1.2929591601478734,-0.6676629995942243,1.9202753924244242,-45.86298098746312,3054.059581078625,6716.227447992993
129,58,83,43.71384219491156,9.528421233003158,-1.8544893625855083,-20.741202621190553,12517.247305094757,10949.336506853224,-4.161343890911553,-9.528421233003158,1.8544893625855083,-478.94424287880946,6243.909882954524,14879.11643665782
130,59,84,96.33555096230617,7.837209924644862,1.8759311932830958,-1058.9425188335874,-7012.817557192169,397.63312464779665,-44.391608462306166,-7.837209924644862,-1.8759311932830958,1058.9425188335874,-2890.532075298666,10670.117731609223
131,60,85,45.9947711264957,5.302616945991112,5.058013208194035,-946.5796248471983,-13124.960916279353,-12462.961364007257,8.5246577195043,-5.302616945991112,-5.058013208194035,1189.2910447471982,-10023.178177299773,3195.0004659761635
132,20,86,2.9475923913067845,-2.3712654429727777,-1.3209155356226034,-570.0524718674923,1399.3903321566177,-22126.586125096474,-2.9475923913067845,29.763425442972775,1.3209155356226034,476.75522707749224,449.8914177150291,-5677.941245065391
133,86,42,11.908084849795387,-89.88451890253295,-1.81385871838836,-3240.9698158370174,-156.92950055097754,-22093.734393176856,-11.908084849795387,144.47992390253296,1.81385871838836,6189.076570837017,1970.7882189393276,-55012.52092935608
134,60,87,-1.2357090153544164,49.48249986076457,-0.7763197220545557,-6756.089359987616,1594.6413250266887,20076.60613068176,1.2357090153544164,10.660745139235429,0.7763197220545557,2394.785359987616,1021.5561382971646,15149.614580094907
135,87,42,21.681662700775917,-30.1893301418866,0.22809041591697188,272.36440093535293,-654.7248356215914,-54479.53983695789,-21.681662700775917,89.3447351418866,-0.22809041591697188,-3220.4711559353527,9.228958576561126,-93349.72804458125
136,73,88,67.68821525316437,-0.41439743457571154,2.1140456878148903,646.0206237576942,6553.280612543169,963.2973463698572,-17.072954015164363,0.41439743457571154,-2.1140456878148903,1030.3402892423057,3805.976250356626,-9530.103139724275
137,74,89,48.27917150628799,-1.5092292743667528,1.8821828946748642,-40.035330015615045,8730.637867208558,-1765.2549646814573,5.121694297712011,1.5092292743667528,-1.8821828946748642,-459.65011548438497,1575.6836931693033,-98.30230680878515
138,77,90,47.62969953674808,-1.8193766189496543,-4.314974796382883,-362.446473966163,5507.786402987407,-13028.021629316901,-15.915489438748082,1.8193766189496543,4.314974796382883,782.083468466163,2257.0837816463713,10343.415537152832
139,78,91,54.149186171144336,-2.056844016651981,-4.137925848310976,-923.5263039989522,5069.405617273305,4390.914067730799,-34.277186171144336,2.056844016651981,4.137925848310976,923.5263039989522,3169.894173166326,-9744.39291269117
140,86,92,78.8410934596112,8.960492458342443,0.4929431827526862,-292.9619171640676,-2764.214588759496,27387.675638242203,-53.7184659776112,-8.960492458342443,-0.4929431827526862,50.250497264067576,1233.0791304272454,-4835.953302717608
141,87,93,47.368585002636266,-22.917371716015047,1.0044101379680512,-366.83130267557453,-2667.1497609229864,-37990.72525686294,-18.499601156636263,22.917371716015047,-1.0044101379680512,609.5427225755745,-244.94647649074687,-22648.613997377735
142,81,80,1.058033229359694,8.42882270379204,0.5794036593739744,519.5699188300418,-818.547957077476,7567.743928154388,-1.058033229359694,12.818838534207961,-0.5794036593739744,-4434.8691878300415,-112.40759710540942,-1299.8247810902112
143,82,92,-2.03122637509522,3.4308208074181694,-0.4903442021914124,420.42720205936973,931.5886893992746,-4050.5633394021033,-3.0927568276447173,20.90809940559653,0.4903442021914124,936.0102725318284,762.067537070089,-14896.85065075091
144,80,88,1.108843328565837,14.95736165957447,-0.3124217119861248,-7284.687019630294,761.493600768363,4946.946181054311,-8.069546333947857,18.105977615990124,0.3124217119861248,-5940.994337153885,1093.5923892908413,-2183.5123528287622
145,88,91,-5.026657526934969,16.899693433419813,0.5435352571171594,-1136.1812357647923,225.14080015772288,2548.195872895086,5.026657526934969,8.504767804580188,-0.5435352571171594,-432.0940332352077,-451.15328706778246,-3461.100168925746
146,83,89,4.381462309713552,19.473885069225418,-0.9374644268010535,3265.750543775228,1946.613684560076,15975.246244757755,-10.377687472879575,5.785213430611462,0.9374644268010535,2986.055344065633,1757.3980186672927,17486.76951578488
147,89,90,1.252084723347025,13.944914067222367,0.7803100026936256,404.94426031104956,-2022.661884361429,1123.3698016167145,-1.252084723347025,17.67221183477763,-0.7803100026936256,4029.20401268895,-788.4715760662599,-3983.7876829384227
148,85,93,6.594759145588414,7.468908794774052,-0.9783579392378234,-4208.703995722579,1724.6898755387779,1447.9033275680831,-11.963700624548471,15.147757185345187,0.9783579392378234,2847.3241734928492,1839.736983603589,-1189.332941568954
149,88,94,32.66275816201058,-17.626971847817913,7.209437203140624,886.0458147272307,5068.568153297229,1957.3469194558909,-2.2882344240105805,17.626971847817913,-7.209437203140624,790.3150982727693,2131.574705760678,-5207.2366178014545
150,89,95,22.41230879997137,18.97395486701498,1.186406897753841,-903.2501095099358,3555.8164847762346,9984.807485184472,4.528669504028629,-18.97395486701498,-1.186406897753841,403.56466400993577,2780.502408897489,-7294.4406560797015
151,90,96,36.43225176246038,2.449546962889144,5.691064485834431,149.4110498563581,-2828.922074399194,12476.320449337494,2.5098695855396187,-2.449546962889144,-5.691064485834431,270.2259446436419,2209.202685048581,-13168.785637470635
152,91,97,33.86402050296837,-2.437167287018383,7.07092027307408,906.5528790471135,-3881.8433983299415,11029.711477853358,-4.56810925296837,2.437167287018383,-7.07092027307408,-906.5528790471135,3800.629038408176,-6504.041607958057
153,92,98,36.5187136513164,-11.01123468165315,-16.84692285602432,-565.4913938705452,-842.5195839756313,7156.990389161558,-6.337437419316403,11.01123468165315,16.84692285602432,322.77997397054514,-624.8451461172608,-7912.601164658347
154,93,99,23.21239058924456,9.651871986687183,-4.310906003764103,-82.48747219852953,-3619.837542224178,9911.234958895006,6.155242006755442,-9.651871986687183,4.310906003764103,325.19889209852954,-1608.332243546838,-10445.07591488885
155,94,95,18.251087037473212,14.927132184053526,-0.46365561668673516,-3912.400868827569,760.1919903094913,8271.364899442598,-18.251087037473212,8.596992815946475,0.46365561668673516,-3283.781131172431,1015.6090216007042,3850.851990482404
156,96,95,0.722751281063438,23.867511069961417,0.7228678295125788,5093.93159659743,-1110.8637176833863,-416.7548922050364,-0.722751281063438,10.398462680038586,-0.7228678295125788,3769.3655844025698,-1419.1736856106409,-1131.898459930016
157,94,97,7.6730928198169295,10.885227239955343,0.6241151896193251,4148.8259683586,-1550.5070885822656,1152.206425411921,-7.6730928198169295,23.38074651004466,-0.6241151896193251,4714.4712126414,-633.8960750853721,2100.1228864317827
158,96,97,2.4407225649639486,17.88053543687558,-1.3577737705237398,2043.5230912892207,2449.9009442281085,-6333.668577851418,-2.4407225649639486,27.127287063124424,1.3577737705237398,3402.800352710779,2750.372596877821,-11373.860786415124
159,98,99,10.383564214110152,19.823984349129624,-0.7451359926055443,5219.362945580275,1385.964057424727,12839.317816560822,-10.383564214110152,9.01331315087038,0.7451359926055443,7423.142498419724,1467.9067942545098,7863.117528105643
160,97,98,16.10178686342033,21.57180942981652,0.6276704675571194,6186.169776902144,-1209.9236427453332,-1134.0671115506984,-16.10178686342033,15.350750570183486,-0.6276704675571194,3068.017210097856,-1708.7440313952725,-6798.297352302507
161,96,99,5.056041996370823,23.253817657618,0.7316922274282587,-3841.411511783366,-1609.2631711883632,3500.0044974571965,-5.056041996370823,13.668742342382,-0.7316922274282587,-5412.775475216634,-1793.1056863530398,-3611.0307020334894
162,92,93,-22.04277165943597,22.317045144500597,-0.5796273232876885,-1009.7847152251804,826.3578944705976,9687.59422632631,22.04277165943597,8.394566183499405,0.5796273232876885,1410.1624450251804,1393.614753721252,14534.182498050974
163,92,100,-0.12372487237053065,22.7458633380047,0.10772156846585368,824.4744331985503,-207.55466515496232,15629.829790539174,0.12372487237053065,-1.0504358560047002,-0.10772156846585368,72.94226480144971,-288.30244063979444,-303.0143938281377
164,93,101,0.12372487237735186,19.831347989994295,-0.10772156846543268,2317.0519723025004,681.4209263623991,10086.752479658437,-0.12372487237735186,1.0504358560057057,0.10772156846543268,-4096.1115933025,-185.56382056863185,303.01439382814567
165,100,101,-0.1077215684656494,6.983235856005493,-0.12372487237817964,580.5856061718679,288.30244063979535,2274.0817351985484,0.1077215684656494,4.882364143994508,0.12372487237817964,1186.614393828132,185.56382056863367,1749.0875933025213
166,88,89,-12.502610094254123,22.58032456984333,-0.38115570037584545,-6048.52084510049,2269.8743860797026,4619.348732861967,12.502610094254123,11.21105247215667,0.38115570037584545,-2810.5121378995095,366.62741385978575,9613.950053097984
167,42,102,-4.177418808449602,56.72552983555707,0.18880292513783337,-18084.551376603744,-214.55199698084562,37209.75823557399,4.177418808449602,3.5804951644429295,-0.18880292513783337,878.5642966037458,-248.01516960684785,-7853.361633459168
168,102,41,-3.6566205701419676,7.430035769489347,1.4862159782929822,-117.14600510656146,-692.4156189382666,6757.5668565444685,3.6566205701419676,47.65573173051065,-1.4862159782929822,-5994.293097893439,-1091.0435550133152,-13311.361977157334
169,15,103,-0.08142954082495635,19.06945478982088,1.1332000530387725,-566.4319988100219,-1575.2524186919577,9830.960639056531,0.08142954082495635,5.98462521017912,-1.1332000530387725,-4827.232001189977,-1201.0877112530352,2338.203596004625
170,103,14,-1.4708919999220598,4.529594719061265,1.089305236457804,-2590.68742941822,-715.4815459725396,-3270.4180216563545,1.4708919999220598,42.445425280938736,-1.089305236457804,-11050.698021581782,-591.6847377768245,3877.8778845299094
171,37,104,4.2437980087911455,76.04837874437575,-0.6164058488425344,14343.633392743875,554.3035318845286,-16959.459401699278,-4.2437980087911455,14.622091255624245,0.6164058488425344,-3793.4236427438727,185.3834867265141,3706.556144950242
172,104,38,4.5401739504551415,-2.9292031319760348,-0.4541819462767974,-4679.125240647685,525.9321900405336,-3549.2639946489353,-4.5401739504551415,65.17814813197603,0.4541819462767974,24712.557320647684,586.8135783376198,-35038.27043369235
173,11,105,0.46073515354919437,38.71381144885749,-0.4451394958487267,15636.798432546226,467.3748618219588,-6225.320199160351,-0.46073515354919437,6.581148551142508,0.4451394958487267,4990.319567453775,66.79253319651343,5291.541062789329
174,105,12,0.1643592118999777,6.250123325259573,-0.6073633984561826,6214.35032275428,644.4963102178727,-3988.8332130906347,-0.1643592118999777,13.907956674740428,0.6073633984561826,1713.7136772457202,843.5440159997745,-10970.86064002341
175,104,105,-0.16222390261269481,12.831271876420105,0.2963759417044659,1302.7078496987017,-711.3156767670071,5540.379116608437,0.16222390261269481,11.692888123579896,-0.2963759417044659,157.2921503012983,-711.2888434144297,-2808.2581097919347
176,34,52,-7.412162974910629,50.523072615901036,0.25752816795351163,5647.558559459732,-695.0804617789063,40365.59242943133,7.412162974910629,40.154739884098966,-0.25752816795351163,5348.203440540267,-901.594179532866,-6367.47817084489
177,102,106,1.2974130531561627,19.130709065902458,-0.5207982382041845,2389.237223085299,940.430788545149,9487.134708502916,-1.2974130531561627,7.136450934097544,0.5207982382041845,1143.6947769147014,309.4849831448955,4498.743049662974
178,106,103,0.043894816556530714,10.876679929290432,-1.38946245896412,1810.130425651747,1418.1406442882526,-4826.532100311205,-0.043894816556530714,11.153940070709567,1.38946245896412,892.785574348253,1916.5692572256357,-1065.408569391754
179,20,106,-0.8686642213733649,24.848750863383763,1.2535182365976358,-397.44480064824484,-1343.4940522310599,15443.941167933786,0.8686642213733649,4.379949136616231,-1.2535182365976358,-1437.4359493517552,-1727.625627433149,-627.0067974335532
180,82,107,1.429931190354182,15.73692219145881,0.6132072861720737,-4927.598495409108,-1264.5525396303613,4618.31034892651,-1.429931190354182,11.362394010541191,-0.6132072861720737,-4219.918476590891,-1530.9116705336737,11813.920515735812
181,107,81,0.11256080640146138,7.260594593832746,0.5872445609722767,-4280.4763982409395,-2232.7619650533225,-9859.966971008573,-0.11256080640146138,16.800894126167254,-0.5872445609722767,-1070.4092717590604,-272.608851721081,-3759.1706542466586
182,91,108,-16.235503648306576,12.284397863814442,0.9238585274897289,-853.224531926518,-1378.9258959782828,2123.749394089586,16.235503648306576,13.457090856185555,-0.9238585274897289,-4497.661138073481,-2664.623937180204,8711.180416186216
183,108,92,-17.552874032240652,4.858897979438183,0.8978958023075876,-1616.201366782559,-1445.0088721925813,-12955.318874309545,17.552874032240652,29.853218222561814,-0.8978958023075876,-5184.2916052174405,-1870.0118799187687,-16958.19224711575
184,108,107,4.059704374531825,19.15756946565441,-1.3173703839367845,-3415.4349458205247,1988.607859692741,4587.908835143962,3.550107371148395,16.98903632632663,1.3173703839367845,-4271.685484432095,1815.3281679366628,-2201.3764651681686
185,83,109,-2.7919537888747072,7.790237470080472,0.7675371833155477,-4807.233179900051,-1660.1179619442985,-3682.663689857235,2.7919537888747072,16.95808843191953,-0.7675371833155477,-1973.9390930999484,-1106.3106306601194,-6447.222281461114
186,109,84,-3.836599218449919,-10.013701308775897,-3.5462835750991246,5687.495520524175,157.30712705341955,2228.853295882819,3.836599218449919,26.691911406775898,3.5462835750991246,-9516.986299524175,3808.613442545702,-28588.326468258696
187,90,109,6.372082725346371,8.165441893170165,-1.044645429764496,2798.4174171536174,1978.598770524767,-15741.997231556932,0.6504328743244963,21.416905070443363,1.044645429764496,1664.8102448052987,1442.766354846548,-11372.53798542422
188,90,110,-7.709309129109442,18.147479110330785,0.8252071792615752,4211.020348377635,-1035.9265589559104,279.1315550577815,7.709309129109442,11.523009127669214,-0.8252071792615752,3411.2680946223645,-1038.3096968580394,2539.1923069766453
189,110,93,-5.590321885302728,3.8764620488042514,2.2772046036940914,6824.128521438153,-1554.969524020511,-8641.338928892572,5.590321885302728,24.30479993719575,-2.2772046036940914,-2463.3664784381535,-2520.88042672121,-9008.013634639672
190,84,111,-1.9606680251672515,23.12369705548691,4.290926349545272,-1153.1314320850474,-4867.555961380076,32224.6585435573,1.9606680251672515,-8.13941891548691,-4.290926349545272,-2639.6662319149523,-3126.0475954400426,5768.7892505062955
191,111,85,-4.079655268942588,18.244504019010865,2.8389289251119436,869.2878534080919,-1746.9861331111351,-1367.4310880359878,4.079655268942588,2.323957966989136,-2.8389289251119436,-7577.073896408092,-3354.0107042181653,11552.155120130812
192,110,111,3.968441340989142,10.430545549996774,-2.1189872438070374,-4683.9843808781925,3442.902832896044,-2649.8012880605365,1.922351615574021,14.384419779525551,2.1189872438070374,4614.291065672557,3578.7044184330407,-5815.216949493146
